Symbol,Date,Close
AAPL,2012-1-3,14.69
AAPL,2012-1-4,14.77
AAPL,2012-1-5,14.93
AAPL,2012-1-6,15.09
AAPL,2012-1-9,15.06
AAPL,2012-1-10,15.12
AAPL,2012-1-11,15.09
AAPL,2012-1-12,15.05
AAPL,2012-1-13,14.99
AAPL,2012-1-17,15.17
AAPL,2012-1-18,15.33
AAPL,2012-1-19,15.28
AAPL,2012-1-20,15.01
AAPL,2012-1-23,15.26
AAPL,2012-1-24,15.01
AAPL,2012-1-25,15.95
AAPL,2012-1-26,15.88
AAPL,2012-1-27,15.97
AAPL,2012-1-30,16.18
AAPL,2012-1-31,16.3
AAPL,2012-2-1,16.29
AAPL,2012-2-2,16.25
AAPL,2012-2-3,16.42
AAPL,2012-2-6,16.57
AAPL,2012-2-7,16.74
AAPL,2012-2-8,17.02
AAPL,2012-2-9,17.61
AAPL,2012-2-10,17.62
AAPL,2012-2-13,17.95
AAPL,2012-2-14,18.2
AAPL,2012-2-15,17.77
AAPL,2012-2-16,17.94
AAPL,2012-2-17,17.93
AAPL,2012-2-21,18.39
AAPL,2012-2-22,18.32
AAPL,2012-2-23,18.44
AAPL,2012-2-24,18.66
AAPL,2012-2-27,18.78
AAPL,2012-2-28,19.12
AAPL,2012-2-29,19.37
AAPL,2012-3-1,19.45
AAPL,2012-3-2,19.47
AAPL,2012-3-5,19.04
AAPL,2012-3-6,18.94
AAPL,2012-3-7,18.95
AAPL,2012-3-8,19.36
AAPL,2012-3-9,19.47
AAPL,2012-3-12,19.71
AAPL,2012-3-13,20.29
AAPL,2012-3-14,21.06
AAPL,2012-3-15,20.91
AAPL,2012-3-16,20.91
AAPL,2012-3-19,21.47
AAPL,2012-3-20,21.64
AAPL,2012-3-21,21.52
AAPL,2012-3-22,21.41
AAPL,2012-3-23,21.29
AAPL,2012-3-26,21.68
AAPL,2012-3-27,21.95
AAPL,2012-3-28,22.06
AAPL,2012-3-29,21.78
AAPL,2012-3-30,21.41
AAPL,2012-4-2,22.09
AAPL,2012-4-3,22.48
AAPL,2012-4-4,22.3
AAPL,2012-4-5,22.63
AAPL,2012-4-9,22.72
AAPL,2012-4-10,22.44
AAPL,2012-4-11,22.36
AAPL,2012-4-12,22.24
AAPL,2012-4-13,21.62
AAPL,2012-4-16,20.72
AAPL,2012-4-17,21.78
AAPL,2012-4-18,21.73
AAPL,2012-4-19,20.98
AAPL,2012-4-20,20.46
AAPL,2012-4-23,20.42
AAPL,2012-4-24,20.01
AAPL,2012-4-25,21.79
AAPL,2012-4-26,21.7
AAPL,2012-4-27,21.54
AAPL,2012-4-30,20.86
AAPL,2012-5-1,20.79
AAPL,2012-5-2,20.93
AAPL,2012-5-3,20.78
AAPL,2012-5-4,20.19
AAPL,2012-5-7,20.34
AAPL,2012-5-8,20.29
AAPL,2012-5-9,20.33
AAPL,2012-5-10,20.38
AAPL,2012-5-11,20.24
AAPL,2012-5-14,19.94
AAPL,2012-5-15,19.76
AAPL,2012-5-16,19.5
AAPL,2012-5-17,18.93
AAPL,2012-5-18,18.94
AAPL,2012-5-21,20.05
AAPL,2012-5-22,19.89
AAPL,2012-5-23,20.38
AAPL,2012-5-24,20.19
AAPL,2012-5-25,20.08
AAPL,2012-5-29,20.44
AAPL,2012-5-30,20.68
AAPL,2012-5-31,20.63
AAPL,2012-6-1,20.04
AAPL,2012-6-4,20.15
AAPL,2012-6-5,20.1
AAPL,2012-6-6,20.41
AAPL,2012-6-7,20.42
AAPL,2012-6-8,20.73
AAPL,2012-6-11,20.4
AAPL,2012-6-12,20.58
AAPL,2012-6-13,20.43
AAPL,2012-6-14,20.41
AAPL,2012-6-15,20.5
AAPL,2012-6-18,20.92
AAPL,2012-6-19,20.98
AAPL,2012-6-20,20.92
AAPL,2012-6-21,20.63
AAPL,2012-6-22,20.79
AAPL,2012-6-25,20.38
AAPL,2012-6-26,20.43
AAPL,2012-6-27,20.52
AAPL,2012-6-28,20.32
AAPL,2012-6-29,20.86
AAPL,2012-7-2,21.16
AAPL,2012-7-3,21.41
AAPL,2012-7-5,21.78
AAPL,2012-7-6,21.64
AAPL,2012-7-9,21.92
AAPL,2012-7-10,21.72
AAPL,2012-7-11,21.59
AAPL,2012-7-12,21.39
AAPL,2012-7-13,21.61
AAPL,2012-7-16,21.68
AAPL,2012-7-17,21.68
AAPL,2012-7-18,21.65
AAPL,2012-7-19,21.94
AAPL,2012-7-20,21.58
AAPL,2012-7-23,21.57
AAPL,2012-7-24,21.46
AAPL,2012-7-25,20.53
AAPL,2012-7-26,20.53
AAPL,2012-7-27,20.9
AAPL,2012-7-30,21.25
AAPL,2012-7-31,21.81
AAPL,2012-8-1,21.67
AAPL,2012-8-2,21.71
AAPL,2012-8-3,21.99
AAPL,2012-8-6,22.23
AAPL,2012-8-7,22.18
AAPL,2012-8-8,22.14
AAPL,2012-8-9,22.17
AAPL,2012-8-10,22.2
AAPL,2012-8-13,22.5
AAPL,2012-8-14,22.56
AAPL,2012-8-15,22.53
AAPL,2012-8-16,22.73
AAPL,2012-8-17,23.15
AAPL,2012-8-20,23.76
AAPL,2012-8-21,23.43
AAPL,2012-8-22,23.89
AAPL,2012-8-23,23.67
AAPL,2012-8-24,23.69
AAPL,2012-8-27,24.13
AAPL,2012-8-28,24.1
AAPL,2012-8-29,24.05
AAPL,2012-8-30,23.71
AAPL,2012-8-31,23.76
AAPL,2012-9-4,24.11
AAPL,2012-9-5,23.94
AAPL,2012-9-6,24.15
AAPL,2012-9-7,24.3
AAPL,2012-9-10,23.67
AAPL,2012-9-11,23.59
AAPL,2012-9-12,23.92
AAPL,2012-9-13,24.39
AAPL,2012-9-14,24.69
AAPL,2012-9-17,24.99
AAPL,2012-9-18,25.07
AAPL,2012-9-19,25.08
AAPL,2012-9-20,24.95
AAPL,2012-9-21,25
AAPL,2012-9-24,24.67
AAPL,2012-9-25,24.05
AAPL,2012-9-26,23.76
AAPL,2012-9-27,24.33
AAPL,2012-9-28,23.83
AAPL,2012-10-1,23.55
AAPL,2012-10-2,23.62
AAPL,2012-10-3,23.98
AAPL,2012-10-4,23.81
AAPL,2012-10-5,23.31
AAPL,2012-10-8,22.79
AAPL,2012-10-9,22.71
AAPL,2012-10-10,22.89
AAPL,2012-10-11,22.43
AAPL,2012-10-12,22.49
AAPL,2012-10-15,22.67
AAPL,2012-10-16,23.21
AAPL,2012-10-17,23.02
AAPL,2012-10-18,22.59
AAPL,2012-10-19,21.78
AAPL,2012-10-22,22.64
AAPL,2012-10-23,21.91
AAPL,2012-10-24,22.03
AAPL,2012-10-25,21.77
AAPL,2012-10-26,21.57
AAPL,2012-10-31,21.26
AAPL,2012-11-1,21.3
AAPL,2012-11-2,20.6
AAPL,2012-11-5,20.88
AAPL,2012-11-6,20.82
AAPL,2012-11-7,19.93
AAPL,2012-11-8,19.21
AAPL,2012-11-9,19.54
AAPL,2012-11-12,19.39
AAPL,2012-11-13,19.39
AAPL,2012-11-14,19.17
AAPL,2012-11-15,18.77
AAPL,2012-11-16,18.85
AAPL,2012-11-19,20.2
AAPL,2012-11-20,20.03
AAPL,2012-11-21,20.06
AAPL,2012-11-23,20.41
AAPL,2012-11-26,21.05
AAPL,2012-11-27,20.89
AAPL,2012-11-28,20.82
AAPL,2012-11-29,21.05
AAPL,2012-11-30,20.9
AAPL,2012-12-3,20.94
AAPL,2012-12-4,20.57
AAPL,2012-12-5,19.24
AAPL,2012-12-6,19.54
AAPL,2012-12-7,19.04
AAPL,2012-12-10,18.92
AAPL,2012-12-11,19.34
AAPL,2012-12-12,19.25
AAPL,2012-12-13,18.92
AAPL,2012-12-14,18.21
AAPL,2012-12-17,18.53
AAPL,2012-12-18,19.07
AAPL,2012-12-19,18.8
AAPL,2012-12-20,18.63
AAPL,2012-12-21,18.55
AAPL,2012-12-24,18.58
AAPL,2012-12-26,18.32
AAPL,2012-12-27,18.4
AAPL,2012-12-28,18.2
AAPL,2012-12-31,19.01
AAPL,2013-1-2,19.61
AAPL,2013-1-3,19.36
AAPL,2013-1-4,18.82
AAPL,2013-1-7,18.71
AAPL,2013-1-8,18.76
AAPL,2013-1-9,18.47
AAPL,2013-1-10,18.7
AAPL,2013-1-11,18.58
AAPL,2013-1-14,17.92
AAPL,2013-1-15,17.35
AAPL,2013-1-16,18.07
AAPL,2013-1-17,17.95
AAPL,2013-1-18,17.86
AAPL,2013-1-22,18.03
AAPL,2013-1-23,18.36
AAPL,2013-1-24,16.09
AAPL,2013-1-25,15.71
AAPL,2013-1-28,16.07
AAPL,2013-1-29,16.37
AAPL,2013-1-30,16.32
AAPL,2013-1-31,16.27
AAPL,2013-2-1,16.2
AAPL,2013-2-4,15.8
AAPL,2013-2-5,16.35
AAPL,2013-2-6,16.33
AAPL,2013-2-7,16.72
AAPL,2013-2-8,16.96
AAPL,2013-2-11,17.14
AAPL,2013-2-12,16.71
AAPL,2013-2-13,16.68
AAPL,2013-2-14,16.66
AAPL,2013-2-15,16.43
AAPL,2013-2-19,16.43
AAPL,2013-2-20,16.03
AAPL,2013-2-21,15.93
AAPL,2013-2-22,16.1
AAPL,2013-2-25,15.81
AAPL,2013-2-26,16.03
AAPL,2013-2-27,15.88
AAPL,2013-2-28,15.76
AAPL,2013-3-1,15.37
AAPL,2013-3-4,15
AAPL,2013-3-5,15.4
AAPL,2013-3-6,15.2
AAPL,2013-3-7,15.38
AAPL,2013-3-8,15.42
AAPL,2013-3-11,15.64
AAPL,2013-3-12,15.3
AAPL,2013-3-13,15.3
AAPL,2013-3-14,15.45
AAPL,2013-3-15,15.85
AAPL,2013-3-18,16.28
AAPL,2013-3-19,16.23
AAPL,2013-3-20,16.15
AAPL,2013-3-21,16.17
AAPL,2013-3-22,16.5
AAPL,2013-3-25,16.56
AAPL,2013-3-26,16.47
AAPL,2013-3-27,16.15
AAPL,2013-3-28,15.81
AAPL,2013-4-1,15.32
AAPL,2013-4-2,15.35
AAPL,2013-4-3,15.43
AAPL,2013-4-4,15.28
AAPL,2013-4-5,15.11
AAPL,2013-4-8,15.22
AAPL,2013-4-9,15.25
AAPL,2013-4-10,15.56
AAPL,2013-4-11,15.51
AAPL,2013-4-12,15.35
AAPL,2013-4-15,14.99
AAPL,2013-4-16,15.22
AAPL,2013-4-17,14.39
AAPL,2013-4-18,14
AAPL,2013-4-19,13.95
AAPL,2013-4-22,14.24
AAPL,2013-4-23,14.5
AAPL,2013-4-24,14.48
AAPL,2013-4-25,14.59
AAPL,2013-4-26,14.9
AAPL,2013-4-29,15.36
AAPL,2013-4-30,15.81
AAPL,2013-5-1,15.69
AAPL,2013-5-2,15.91
AAPL,2013-5-3,16.07
AAPL,2013-5-6,16.45
AAPL,2013-5-7,16.38
AAPL,2013-5-8,16.57
AAPL,2013-5-9,16.31
AAPL,2013-5-10,16.18
AAPL,2013-5-13,16.24
AAPL,2013-5-14,15.85
AAPL,2013-5-15,15.32
AAPL,2013-5-16,15.52
AAPL,2013-5-17,15.47
AAPL,2013-5-20,15.82
AAPL,2013-5-21,15.7
AAPL,2013-5-22,15.76
AAPL,2013-5-23,15.79
AAPL,2013-5-24,15.9
AAPL,2013-5-28,15.77
AAPL,2013-5-29,15.89
AAPL,2013-5-30,16.13
AAPL,2013-5-31,16.06
AAPL,2013-6-3,16.1
AAPL,2013-6-4,16.05
AAPL,2013-6-5,15.9
AAPL,2013-6-6,15.66
AAPL,2013-6-7,15.78
AAPL,2013-6-10,15.67
AAPL,2013-6-11,15.63
AAPL,2013-6-12,15.44
AAPL,2013-6-13,15.57
AAPL,2013-6-14,15.36
AAPL,2013-6-17,15.43
AAPL,2013-6-18,15.42
AAPL,2013-6-19,15.11
AAPL,2013-6-20,14.89
AAPL,2013-6-21,14.77
AAPL,2013-6-24,14.38
AAPL,2013-6-25,14.38
AAPL,2013-6-26,14.22
AAPL,2013-6-27,14.06
AAPL,2013-6-28,14.16
AAPL,2013-7-1,14.62
AAPL,2013-7-2,14.95
AAPL,2013-7-3,15.03
AAPL,2013-7-5,14.91
AAPL,2013-7-8,14.82
AAPL,2013-7-9,15.08
AAPL,2013-7-10,15.03
AAPL,2013-7-11,15.26
AAPL,2013-7-12,15.23
AAPL,2013-7-15,15.27
AAPL,2013-7-16,15.36
AAPL,2013-7-17,15.37
AAPL,2013-7-18,15.42
AAPL,2013-7-19,15.18
AAPL,2013-7-22,15.23
AAPL,2013-7-23,14.96
AAPL,2013-7-24,15.73
AAPL,2013-7-25,15.66
AAPL,2013-7-26,15.75
AAPL,2013-7-29,15.99
AAPL,2013-7-30,16.19
AAPL,2013-7-31,16.16
AAPL,2013-8-1,16.31
AAPL,2013-8-2,16.52
AAPL,2013-8-5,16.77
AAPL,2013-8-6,16.62
AAPL,2013-8-7,16.61
AAPL,2013-8-8,16.46
AAPL,2013-8-9,16.23
AAPL,2013-8-12,16.69
AAPL,2013-8-13,17.48
AAPL,2013-8-14,17.8
AAPL,2013-8-15,17.78
AAPL,2013-8-16,17.94
AAPL,2013-8-19,18.13
AAPL,2013-8-20,17.9
AAPL,2013-8-21,17.94
AAPL,2013-8-22,17.96
AAPL,2013-8-23,17.89
AAPL,2013-8-26,17.96
AAPL,2013-8-27,17.45
AAPL,2013-8-28,17.53
AAPL,2013-8-29,17.56
AAPL,2013-8-30,17.4
AAPL,2013-9-3,17.45
AAPL,2013-9-4,17.81
AAPL,2013-9-5,17.69
AAPL,2013-9-6,17.79
AAPL,2013-9-9,18.08
AAPL,2013-9-10,17.67
AAPL,2013-9-11,16.7
AAPL,2013-9-12,16.88
AAPL,2013-9-13,16.6
AAPL,2013-9-16,16.08
AAPL,2013-9-17,16.26
AAPL,2013-9-18,16.6
AAPL,2013-9-19,16.87
AAPL,2013-9-20,16.69
AAPL,2013-9-23,17.52
AAPL,2013-9-24,17.47
AAPL,2013-9-25,17.2
AAPL,2013-9-26,17.36
AAPL,2013-9-27,17.24
AAPL,2013-9-30,17.03
AAPL,2013-10-1,17.43
AAPL,2013-10-2,17.48
AAPL,2013-10-3,17.26
AAPL,2013-10-4,17.25
AAPL,2013-10-7,17.42
AAPL,2013-10-8,17.18
AAPL,2013-10-9,17.38
AAPL,2013-10-10,17.49
AAPL,2013-10-11,17.6
AAPL,2013-10-14,17.72
AAPL,2013-10-15,17.81
AAPL,2013-10-16,17.9
AAPL,2013-10-17,18.02
AAPL,2013-10-18,18.17
AAPL,2013-10-21,18.62
AAPL,2013-10-22,18.57
AAPL,2013-10-23,18.75
AAPL,2013-10-24,19
AAPL,2013-10-25,18.78
AAPL,2013-10-28,18.92
AAPL,2013-10-29,18.45
AAPL,2013-10-30,18.75
AAPL,2013-10-31,18.67
AAPL,2013-11-1,18.57
AAPL,2013-11-4,18.81
AAPL,2013-11-5,18.77
AAPL,2013-11-6,18.6
AAPL,2013-11-7,18.3
AAPL,2013-11-8,18.59
AAPL,2013-11-11,18.54
AAPL,2013-11-12,18.57
AAPL,2013-11-13,18.59
AAPL,2013-11-14,18.86
AAPL,2013-11-15,18.75
AAPL,2013-11-18,18.52
AAPL,2013-11-19,18.56
AAPL,2013-11-20,18.39
AAPL,2013-11-21,18.61
AAPL,2013-11-22,18.56
AAPL,2013-11-25,18.7
AAPL,2013-11-26,19.05
AAPL,2013-11-27,19.5
AAPL,2013-11-29,19.86
AAPL,2013-12-2,19.69
AAPL,2013-12-3,20.23
AAPL,2013-12-4,20.18
AAPL,2013-12-5,20.28
AAPL,2013-12-6,20
AAPL,2013-12-9,20.23
AAPL,2013-12-10,20.2
AAPL,2013-12-11,20.05
AAPL,2013-12-12,20.02
AAPL,2013-12-13,19.8
AAPL,2013-12-16,19.91
AAPL,2013-12-17,19.82
AAPL,2013-12-18,19.67
AAPL,2013-12-19,19.45
AAPL,2013-12-20,19.61
AAPL,2013-12-23,20.36
AAPL,2013-12-24,20.27
AAPL,2013-12-26,20.14
AAPL,2013-12-27,20
AAPL,2013-12-30,19.8
AAPL,2013-12-31,20.04
AAPL,2014-1-2,19.75
AAPL,2014-1-3,19.32
AAPL,2014-1-6,19.43
AAPL,2014-1-7,19.29
AAPL,2014-1-8,19.41
AAPL,2014-1-9,19.16
AAPL,2014-1-10,19.03
AAPL,2014-1-13,19.13
AAPL,2014-1-14,19.51
AAPL,2014-1-15,19.91
AAPL,2014-1-16,19.79
AAPL,2014-1-17,19.31
AAPL,2014-1-21,19.61
AAPL,2014-1-22,19.7
AAPL,2014-1-23,19.86
AAPL,2014-1-24,19.5
AAPL,2014-1-27,19.66
AAPL,2014-1-28,18.09
AAPL,2014-1-29,17.88
AAPL,2014-1-30,17.85
AAPL,2014-1-31,17.88
AAPL,2014-2-3,17.91
AAPL,2014-2-4,18.17
AAPL,2014-2-5,18.31
AAPL,2014-2-6,18.3
AAPL,2014-2-7,18.56
AAPL,2014-2-10,18.89
AAPL,2014-2-11,19.14
AAPL,2014-2-12,19.14
AAPL,2014-2-13,19.44
AAPL,2014-2-14,19.43
AAPL,2014-2-18,19.5
AAPL,2014-2-19,19.19
AAPL,2014-2-20,18.97
AAPL,2014-2-21,18.76
AAPL,2014-2-24,18.84
AAPL,2014-2-25,18.65
AAPL,2014-2-26,18.48
AAPL,2014-2-27,18.85
AAPL,2014-2-28,18.79
AAPL,2014-3-3,18.85
AAPL,2014-3-4,18.97
AAPL,2014-3-5,19.01
AAPL,2014-3-6,18.96
AAPL,2014-3-7,18.94
AAPL,2014-3-10,18.96
AAPL,2014-3-11,19.15
AAPL,2014-3-12,19.16
AAPL,2014-3-13,18.95
AAPL,2014-3-14,18.74
AAPL,2014-3-17,18.81
AAPL,2014-3-18,18.98
AAPL,2014-3-19,18.97
AAPL,2014-3-20,18.88
AAPL,2014-3-21,19.03
AAPL,2014-3-24,19.26
AAPL,2014-3-25,19.46
AAPL,2014-3-26,19.28
AAPL,2014-3-27,19.2
AAPL,2014-3-28,19.17
AAPL,2014-3-31,19.17
AAPL,2014-4-1,19.34
AAPL,2014-4-2,19.38
AAPL,2014-4-3,19.24
AAPL,2014-4-4,18.99
AAPL,2014-4-7,18.7
AAPL,2014-4-8,18.69
AAPL,2014-4-9,18.94
AAPL,2014-4-10,18.7
AAPL,2014-4-11,18.56
AAPL,2014-4-14,18.63
AAPL,2014-4-15,18.5
AAPL,2014-4-16,18.54
AAPL,2014-4-17,18.75
AAPL,2014-4-21,18.97
AAPL,2014-4-22,18.99
AAPL,2014-4-23,18.74
AAPL,2014-4-24,20.28
AAPL,2014-4-25,20.43
AAPL,2014-4-28,21.22
AAPL,2014-4-29,21.15
AAPL,2014-4-30,21.07
AAPL,2014-5-1,21.12
AAPL,2014-5-2,21.16
AAPL,2014-5-5,21.46
AAPL,2014-5-6,21.23
AAPL,2014-5-7,21.15
AAPL,2014-5-8,21
AAPL,2014-5-9,20.91
AAPL,2014-5-12,21.17
AAPL,2014-5-13,21.21
AAPL,2014-5-14,21.21
AAPL,2014-5-15,21.03
AAPL,2014-5-16,21.34
AAPL,2014-5-19,21.59
AAPL,2014-5-20,21.6
AAPL,2014-5-21,21.65
AAPL,2014-5-22,21.69
AAPL,2014-5-23,21.93
AAPL,2014-5-27,22.34
AAPL,2014-5-28,22.29
AAPL,2014-5-29,22.69
AAPL,2014-5-30,22.61
AAPL,2014-6-2,22.45
AAPL,2014-6-3,22.77
AAPL,2014-6-4,23.03
AAPL,2014-6-5,23.12
AAPL,2014-6-6,23.06
AAPL,2014-6-9,23.43
AAPL,2014-6-10,23.56
AAPL,2014-6-11,23.47
AAPL,2014-6-12,23.07
AAPL,2014-6-13,22.82
AAPL,2014-6-16,23.05
AAPL,2014-6-17,23.02
AAPL,2014-6-18,23.05
AAPL,2014-6-19,22.97
AAPL,2014-6-20,22.73
AAPL,2014-6-23,22.71
AAPL,2014-6-24,22.57
AAPL,2014-6-25,22.59
AAPL,2014-6-26,22.73
AAPL,2014-6-27,23
AAPL,2014-6-30,23.23
AAPL,2014-7-1,23.38
AAPL,2014-7-2,23.37
AAPL,2014-7-3,23.51
AAPL,2014-7-7,23.99
AAPL,2014-7-8,23.84
AAPL,2014-7-9,23.85
AAPL,2014-7-10,23.76
AAPL,2014-7-11,23.81
AAPL,2014-7-14,24.11
AAPL,2014-7-15,23.83
AAPL,2014-7-16,23.7
AAPL,2014-7-17,23.27
AAPL,2014-7-18,23.61
AAPL,2014-7-21,23.48
AAPL,2014-7-22,23.68
AAPL,2014-7-23,24.3
AAPL,2014-7-24,24.26
AAPL,2014-7-25,24.42
AAPL,2014-7-28,24.76
AAPL,2014-7-29,24.6
AAPL,2014-7-30,24.54
AAPL,2014-7-31,23.9
AAPL,2014-8-1,24.03
AAPL,2014-8-4,23.9
AAPL,2014-8-5,23.78
AAPL,2014-8-6,23.74
AAPL,2014-8-7,23.62
AAPL,2014-8-8,23.69
AAPL,2014-8-11,24
AAPL,2014-8-12,23.99
AAPL,2014-8-13,24.31
AAPL,2014-8-14,24.38
AAPL,2014-8-15,24.5
AAPL,2014-8-18,24.79
AAPL,2014-8-19,25.13
AAPL,2014-8-20,25.14
AAPL,2014-8-21,25.15
AAPL,2014-8-22,25.33
AAPL,2014-8-25,25.39
AAPL,2014-8-26,25.22
AAPL,2014-8-27,25.53
AAPL,2014-8-28,25.56
AAPL,2014-8-29,25.63
AAPL,2014-9-2,25.83
AAPL,2014-9-3,24.74
AAPL,2014-9-4,24.53
AAPL,2014-9-5,24.74
AAPL,2014-9-8,24.59
AAPL,2014-9-9,24.5
AAPL,2014-9-10,25.25
AAPL,2014-9-11,25.36
AAPL,2014-9-12,25.42
AAPL,2014-9-15,25.41
AAPL,2014-9-16,25.22
AAPL,2014-9-17,25.4
AAPL,2014-9-18,25.45
AAPL,2014-9-19,25.24
AAPL,2014-9-22,25.27
AAPL,2014-9-23,25.66
AAPL,2014-9-24,25.44
AAPL,2014-9-25,24.47
AAPL,2014-9-26,25.19
AAPL,2014-9-29,25.03
AAPL,2014-9-30,25.19
AAPL,2014-10-1,24.8
AAPL,2014-10-2,24.98
AAPL,2014-10-3,24.91
AAPL,2014-10-6,24.91
AAPL,2014-10-7,24.69
AAPL,2014-10-8,25.2
AAPL,2014-10-9,25.26
AAPL,2014-10-10,25.18
AAPL,2014-10-13,24.95
AAPL,2014-10-14,24.69
AAPL,2014-10-15,24.39
AAPL,2014-10-16,24.07
AAPL,2014-10-17,24.42
AAPL,2014-10-20,24.94
AAPL,2014-10-21,25.62
AAPL,2014-10-22,25.75
AAPL,2014-10-23,26.21
AAPL,2014-10-24,26.31
AAPL,2014-10-27,26.28
AAPL,2014-10-28,26.69
AAPL,2014-10-29,26.84
AAPL,2014-10-30,26.75
AAPL,2014-10-31,27
AAPL,2014-11-3,27.35
AAPL,2014-11-4,27.15
AAPL,2014-11-5,27.22
AAPL,2014-11-6,27.18
AAPL,2014-11-7,27.25
AAPL,2014-11-10,27.21
AAPL,2014-11-11,27.43
AAPL,2014-11-12,27.81
AAPL,2014-11-13,28.21
AAPL,2014-11-14,28.55
AAPL,2014-11-17,28.5
AAPL,2014-11-18,28.87
AAPL,2014-11-19,28.67
AAPL,2014-11-20,29.08
AAPL,2014-11-21,29.12
AAPL,2014-11-24,29.66
AAPL,2014-11-25,29.4
AAPL,2014-11-26,29.75
AAPL,2014-11-28,29.73
AAPL,2014-12-1,28.77
AAPL,2014-12-2,28.66
AAPL,2014-12-3,28.98
AAPL,2014-12-4,28.87
AAPL,2014-12-5,28.75
AAPL,2014-12-8,28.1
AAPL,2014-12-9,28.53
AAPL,2014-12-10,27.99
AAPL,2014-12-11,27.91
AAPL,2014-12-12,27.43
AAPL,2014-12-15,27.06
AAPL,2014-12-16,26.69
AAPL,2014-12-17,27.35
AAPL,2014-12-18,28.16
AAPL,2014-12-19,27.95
AAPL,2014-12-22,28.24
AAPL,2014-12-23,28.14
AAPL,2014-12-24,28
AAPL,2014-12-26,28.5
AAPL,2014-12-29,28.48
AAPL,2014-12-30,28.13
AAPL,2014-12-31,27.6
AAPL,2015-1-2,27.33
AAPL,2015-1-5,26.56
AAPL,2015-1-6,26.57
AAPL,2015-1-7,26.94
AAPL,2015-1-8,27.97
AAPL,2015-1-9,28
AAPL,2015-1-12,27.31
AAPL,2015-1-13,27.56
AAPL,2015-1-14,27.45
AAPL,2015-1-15,26.71
AAPL,2015-1-16,26.5
AAPL,2015-1-20,27.18
AAPL,2015-1-21,27.39
AAPL,2015-1-22,28.1
AAPL,2015-1-23,28.25
AAPL,2015-1-26,28.28
AAPL,2015-1-27,27.29
AAPL,2015-1-28,28.83
AAPL,2015-1-29,29.73
AAPL,2015-1-30,29.29
AAPL,2015-2-2,29.66
AAPL,2015-2-3,29.66
AAPL,2015-2-4,29.89
AAPL,2015-2-5,29.99
AAPL,2015-2-6,29.73
AAPL,2015-2-9,29.93
AAPL,2015-2-10,30.51
AAPL,2015-2-11,31.22
AAPL,2015-2-12,31.62
AAPL,2015-2-13,31.77
AAPL,2015-2-17,31.96
AAPL,2015-2-18,32.18
AAPL,2015-2-19,32.11
AAPL,2015-2-20,32.37
AAPL,2015-2-23,33.25
AAPL,2015-2-24,33.04
AAPL,2015-2-25,32.2
AAPL,2015-2-26,32.6
AAPL,2015-2-27,32.12
AAPL,2015-3-2,32.27
AAPL,2015-3-3,32.34
AAPL,2015-3-4,32.14
AAPL,2015-3-5,31.6
AAPL,2015-3-6,31.65
AAPL,2015-3-9,31.79
AAPL,2015-3-10,31.13
AAPL,2015-3-11,30.56
AAPL,2015-3-12,31.11
AAPL,2015-3-13,30.9
AAPL,2015-3-16,31.24
AAPL,2015-3-17,31.76
AAPL,2015-3-18,32.12
AAPL,2015-3-19,31.87
AAPL,2015-3-20,31.48
AAPL,2015-3-23,31.8
AAPL,2015-3-24,31.67
AAPL,2015-3-25,30.85
AAPL,2015-3-26,31.06
AAPL,2015-3-27,30.81
AAPL,2015-3-30,31.59
AAPL,2015-3-31,31.11
AAPL,2015-4-1,31.06
AAPL,2015-4-2,31.33
AAPL,2015-4-6,31.84
AAPL,2015-4-7,31.5
AAPL,2015-4-8,31.4
AAPL,2015-4-9,31.64
AAPL,2015-4-10,31.78
AAPL,2015-4-13,31.71
AAPL,2015-4-14,31.58
AAPL,2015-4-15,31.7
AAPL,2015-4-16,31.54
AAPL,2015-4-17,31.19
AAPL,2015-4-20,31.9
AAPL,2015-4-21,31.73
AAPL,2015-4-22,32.16
AAPL,2015-4-23,32.42
AAPL,2015-4-24,32.57
AAPL,2015-4-27,33.16
AAPL,2015-4-28,32.64
AAPL,2015-4-29,32.16
AAPL,2015-4-30,31.29
AAPL,2015-5-1,32.24
AAPL,2015-5-4,32.17
AAPL,2015-5-5,31.45
AAPL,2015-5-6,31.25
AAPL,2015-5-7,31.32
AAPL,2015-5-8,31.91
AAPL,2015-5-11,31.58
AAPL,2015-5-12,31.47
AAPL,2015-5-13,31.5
AAPL,2015-5-14,32.24
AAPL,2015-5-15,32.19
AAPL,2015-5-18,32.55
AAPL,2015-5-19,32.52
AAPL,2015-5-20,32.52
AAPL,2015-5-21,32.85
AAPL,2015-5-22,33.14
AAPL,2015-5-26,32.41
AAPL,2015-5-27,33.01
AAPL,2015-5-28,32.95
AAPL,2015-5-29,32.57
AAPL,2015-6-1,32.63
AAPL,2015-6-2,32.49
AAPL,2015-6-3,32.53
AAPL,2015-6-4,32.34
AAPL,2015-6-5,32.16
AAPL,2015-6-8,31.95
AAPL,2015-6-9,31.86
AAPL,2015-6-10,32.22
AAPL,2015-6-11,32.15
AAPL,2015-6-12,31.79
AAPL,2015-6-15,31.73
AAPL,2015-6-16,31.9
AAPL,2015-6-17,31.83
AAPL,2015-6-18,31.97
AAPL,2015-6-19,31.65
AAPL,2015-6-22,31.9
AAPL,2015-6-23,31.76
AAPL,2015-6-24,32.03
AAPL,2015-6-25,31.88
AAPL,2015-6-26,31.69
AAPL,2015-6-29,31.13
AAPL,2015-6-30,31.36
AAPL,2015-7-1,31.65
AAPL,2015-7-2,31.61
AAPL,2015-7-6,31.5
AAPL,2015-7-7,31.42
AAPL,2015-7-8,30.64
AAPL,2015-7-9,30.02
AAPL,2015-7-10,30.82
AAPL,2015-7-13,31.42
AAPL,2015-7-14,31.4
AAPL,2015-7-15,31.71
AAPL,2015-7-16,32.13
AAPL,2015-7-17,32.41
AAPL,2015-7-20,33.02
AAPL,2015-7-21,32.69
AAPL,2015-7-22,31.31
AAPL,2015-7-23,31.29
AAPL,2015-7-24,31.13
AAPL,2015-7-27,30.69
AAPL,2015-7-28,30.85
AAPL,2015-7-29,30.75
AAPL,2015-7-30,30.59
AAPL,2015-7-31,30.33
AAPL,2015-8-3,29.61
AAPL,2015-8-4,28.66
AAPL,2015-8-5,28.85
AAPL,2015-8-6,28.78
AAPL,2015-8-7,28.88
AAPL,2015-8-10,29.93
AAPL,2015-8-11,28.37
AAPL,2015-8-12,28.81
AAPL,2015-8-13,28.79
AAPL,2015-8-14,28.99
AAPL,2015-8-17,29.29
AAPL,2015-8-18,29.13
AAPL,2015-8-19,28.75
AAPL,2015-8-20,28.16
AAPL,2015-8-21,26.44
AAPL,2015-8-24,25.78
AAPL,2015-8-25,25.94
AAPL,2015-8-26,27.42
AAPL,2015-8-27,28.23
AAPL,2015-8-28,28.32
AAPL,2015-8-31,28.19
AAPL,2015-9-1,26.93
AAPL,2015-9-2,28.09
AAPL,2015-9-3,27.59
AAPL,2015-9-4,27.32
AAPL,2015-9-8,28.08
AAPL,2015-9-9,27.54
AAPL,2015-9-10,28.14
AAPL,2015-9-11,28.55
AAPL,2015-9-14,28.83
AAPL,2015-9-15,29.07
AAPL,2015-9-16,29.1
AAPL,2015-9-17,28.48
AAPL,2015-9-18,28.36
AAPL,2015-9-21,28.8
AAPL,2015-9-22,28.35
AAPL,2015-9-23,28.58
AAPL,2015-9-24,28.75
AAPL,2015-9-25,28.68
AAPL,2015-9-28,28.11
AAPL,2015-9-29,27.27
AAPL,2015-9-30,27.58
AAPL,2015-10-1,27.4
AAPL,2015-10-2,27.6
AAPL,2015-10-5,27.7
AAPL,2015-10-6,27.83
AAPL,2015-10-7,27.7
AAPL,2015-10-8,27.38
AAPL,2015-10-9,28.03
AAPL,2015-10-12,27.9
AAPL,2015-10-13,27.95
AAPL,2015-10-14,27.55
AAPL,2015-10-15,27.97
AAPL,2015-10-16,27.76
AAPL,2015-10-19,27.93
AAPL,2015-10-20,28.44
AAPL,2015-10-21,28.44
AAPL,2015-10-22,28.88
AAPL,2015-10-23,29.77
AAPL,2015-10-26,28.82
AAPL,2015-10-27,28.64
AAPL,2015-10-28,29.82
AAPL,2015-10-29,30.13
AAPL,2015-10-30,29.88
AAPL,2015-11-2,30.3
AAPL,2015-11-3,30.64
AAPL,2015-11-4,30.5
AAPL,2015-11-5,30.23
AAPL,2015-11-6,30.27
AAPL,2015-11-9,30.14
AAPL,2015-11-10,29.19
AAPL,2015-11-11,29.03
AAPL,2015-11-12,28.93
AAPL,2015-11-13,28.09
AAPL,2015-11-16,28.54
AAPL,2015-11-17,28.42
AAPL,2015-11-18,29.32
AAPL,2015-11-19,29.7
AAPL,2015-11-20,29.83
AAPL,2015-11-23,29.44
AAPL,2015-11-24,29.72
AAPL,2015-11-25,29.51
AAPL,2015-11-27,29.45
AAPL,2015-11-30,29.58
AAPL,2015-12-1,29.34
AAPL,2015-12-2,29.07
AAPL,2015-12-3,28.8
AAPL,2015-12-4,29.76
AAPL,2015-12-7,29.57
AAPL,2015-12-8,29.56
AAPL,2015-12-9,28.91
AAPL,2015-12-10,29.04
AAPL,2015-12-11,28.3
AAPL,2015-12-14,28.12
AAPL,2015-12-15,27.62
AAPL,2015-12-16,27.84
AAPL,2015-12-17,27.25
AAPL,2015-12-18,26.51
AAPL,2015-12-21,26.83
AAPL,2015-12-22,26.81
AAPL,2015-12-23,27.15
AAPL,2015-12-24,27.01
AAPL,2015-12-28,26.71
AAPL,2015-12-29,27.19
AAPL,2015-12-30,26.83
AAPL,2015-12-31,26.32
AAPL,2016-1-4,26.34
AAPL,2016-1-5,25.68
AAPL,2016-1-6,25.18
AAPL,2016-1-7,24.11
AAPL,2016-1-8,24.24
AAPL,2016-1-11,24.63
AAPL,2016-1-12,24.99
AAPL,2016-1-13,24.35
AAPL,2016-1-14,24.88
AAPL,2016-1-15,24.28
AAPL,2016-1-19,24.17
AAPL,2016-1-20,24.2
AAPL,2016-1-21,24.08
AAPL,2016-1-22,25.36
AAPL,2016-1-25,24.86
AAPL,2016-1-26,25
AAPL,2016-1-27,23.36
AAPL,2016-1-28,23.52
AAPL,2016-1-29,24.34
AAPL,2016-2-1,24.11
AAPL,2016-2-2,23.62
AAPL,2016-2-3,24.09
AAPL,2016-2-4,24.15
AAPL,2016-2-5,23.51
AAPL,2016-2-8,23.75
AAPL,2016-2-9,23.75
AAPL,2016-2-10,23.57
AAPL,2016-2-11,23.43
AAPL,2016-2-12,23.5
AAPL,2016-2-16,24.16
AAPL,2016-2-17,24.53
AAPL,2016-2-18,24.07
AAPL,2016-2-19,24.01
AAPL,2016-2-22,24.22
AAPL,2016-2-23,23.67
AAPL,2016-2-24,24.03
AAPL,2016-2-25,24.19
AAPL,2016-2-26,24.23
AAPL,2016-2-29,24.17
AAPL,2016-3-1,25.13
AAPL,2016-3-2,25.19
AAPL,2016-3-3,25.38
AAPL,2016-3-4,25.75
AAPL,2016-3-7,25.47
AAPL,2016-3-8,25.26
AAPL,2016-3-9,25.28
AAPL,2016-3-10,25.29
AAPL,2016-3-11,25.57
AAPL,2016-3-14,25.63
AAPL,2016-3-15,26.15
AAPL,2016-3-16,26.49
AAPL,2016-3-17,26.45
AAPL,2016-3-18,26.48
AAPL,2016-3-21,26.48
AAPL,2016-3-22,26.68
AAPL,2016-3-23,26.53
AAPL,2016-3-24,26.42
AAPL,2016-3-28,26.3
AAPL,2016-3-29,26.92
AAPL,2016-3-30,27.39
AAPL,2016-3-31,27.25
AAPL,2016-4-1,27.5
AAPL,2016-4-4,27.78
AAPL,2016-4-5,27.45
AAPL,2016-4-6,27.74
AAPL,2016-4-7,27.14
AAPL,2016-4-8,27.17
AAPL,2016-4-11,27.26
AAPL,2016-4-12,27.61
AAPL,2016-4-13,28.01
AAPL,2016-4-14,28.03
AAPL,2016-4-15,27.46
AAPL,2016-4-18,26.87
AAPL,2016-4-19,26.73
AAPL,2016-4-20,26.78
AAPL,2016-4-21,26.49
AAPL,2016-4-22,26.42
AAPL,2016-4-25,26.27
AAPL,2016-4-26,26.09
AAPL,2016-4-27,24.46
AAPL,2016-4-28,23.71
AAPL,2016-4-29,23.44
AAPL,2016-5-2,23.41
AAPL,2016-5-3,23.8
AAPL,2016-5-4,23.55
AAPL,2016-5-5,23.31
AAPL,2016-5-6,23.18
AAPL,2016-5-9,23.2
AAPL,2016-5-10,23.36
AAPL,2016-5-11,23.13
AAPL,2016-5-12,22.59
AAPL,2016-5-13,22.63
AAPL,2016-5-16,23.47
AAPL,2016-5-17,23.37
AAPL,2016-5-18,23.64
AAPL,2016-5-19,23.55
AAPL,2016-5-20,23.81
AAPL,2016-5-23,24.11
AAPL,2016-5-24,24.48
AAPL,2016-5-25,24.91
AAPL,2016-5-26,25.1
AAPL,2016-5-27,25.09
AAPL,2016-5-31,24.97
AAPL,2016-6-1,24.62
AAPL,2016-6-2,24.43
AAPL,2016-6-3,24.48
AAPL,2016-6-6,24.66
AAPL,2016-6-7,24.76
AAPL,2016-6-8,24.74
AAPL,2016-6-9,24.91
AAPL,2016-6-10,24.71
AAPL,2016-6-13,24.34
AAPL,2016-6-14,24.37
AAPL,2016-6-15,24.29
AAPL,2016-6-16,24.39
AAPL,2016-6-17,23.83
AAPL,2016-6-20,23.78
AAPL,2016-6-21,23.98
AAPL,2016-6-22,23.89
AAPL,2016-6-23,24.03
AAPL,2016-6-24,23.35
AAPL,2016-6-27,23.01
AAPL,2016-6-28,23.4
AAPL,2016-6-29,23.6
AAPL,2016-6-30,23.9
AAPL,2016-7-1,23.97
AAPL,2016-7-5,23.75
AAPL,2016-7-6,23.88
AAPL,2016-7-7,23.99
AAPL,2016-7-8,24.17
AAPL,2016-7-11,24.25
AAPL,2016-7-12,24.36
AAPL,2016-7-13,24.22
AAPL,2016-7-14,24.7
AAPL,2016-7-15,24.7
AAPL,2016-7-18,24.96
AAPL,2016-7-19,24.97
AAPL,2016-7-20,24.99
AAPL,2016-7-21,24.86
AAPL,2016-7-22,24.67
AAPL,2016-7-25,24.34
AAPL,2016-7-26,24.17
AAPL,2016-7-27,25.74
AAPL,2016-7-28,26.09
AAPL,2016-7-29,26.05
AAPL,2016-8-1,26.51
AAPL,2016-8-2,26.12
AAPL,2016-8-3,26.45
AAPL,2016-8-4,26.47
AAPL,2016-8-5,26.87
AAPL,2016-8-8,27.09
AAPL,2016-8-9,27.2
AAPL,2016-8-10,27
AAPL,2016-8-11,26.98
AAPL,2016-8-12,27.05
AAPL,2016-8-15,27.37
AAPL,2016-8-16,27.35
AAPL,2016-8-17,27.31
AAPL,2016-8-18,27.27
AAPL,2016-8-19,27.34
AAPL,2016-8-22,27.13
AAPL,2016-8-23,27.21
AAPL,2016-8-24,27.01
AAPL,2016-8-25,26.89
AAPL,2016-8-26,26.74
AAPL,2016-8-29,26.71
AAPL,2016-8-30,26.5
AAPL,2016-8-31,26.53
AAPL,2016-9-1,26.68
AAPL,2016-9-2,26.93
AAPL,2016-9-6,26.93
AAPL,2016-9-7,27.09
AAPL,2016-9-8,26.38
AAPL,2016-9-9,25.78
AAPL,2016-9-12,26.36
AAPL,2016-9-13,26.99
AAPL,2016-9-14,27.94
AAPL,2016-9-15,28.89
AAPL,2016-9-16,28.73
AAPL,2016-9-19,28.4
AAPL,2016-9-20,28.39
AAPL,2016-9-21,28.39
AAPL,2016-9-22,28.66
AAPL,2016-9-23,28.18
AAPL,2016-9-26,28.22
AAPL,2016-9-27,28.27
AAPL,2016-9-28,28.49
AAPL,2016-9-29,28.05
AAPL,2016-9-30,28.26
AAPL,2016-10-3,28.13
AAPL,2016-10-4,28.25
AAPL,2016-10-5,28.26
AAPL,2016-10-6,28.47
AAPL,2016-10-7,28.52
AAPL,2016-10-10,29.01
AAPL,2016-10-11,29.08
AAPL,2016-10-12,29.34
AAPL,2016-10-13,29.25
AAPL,2016-10-14,29.41
AAPL,2016-10-17,29.39
AAPL,2016-10-18,29.37
AAPL,2016-10-19,29.28
AAPL,2016-10-20,29.27
AAPL,2016-10-21,29.15
AAPL,2016-10-24,29.41
AAPL,2016-10-25,29.56
AAPL,2016-10-26,28.9
AAPL,2016-10-27,28.62
AAPL,2016-10-28,28.43
AAPL,2016-10-31,28.39
AAPL,2016-11-1,27.87
AAPL,2016-11-2,27.9
AAPL,2016-11-3,27.46
AAPL,2016-11-4,27.21
AAPL,2016-11-7,27.6
AAPL,2016-11-8,27.77
AAPL,2016-11-9,27.72
AAPL,2016-11-10,26.95
AAPL,2016-11-11,27.11
AAPL,2016-11-14,26.43
AAPL,2016-11-15,26.78
AAPL,2016-11-16,27.5
AAPL,2016-11-17,27.49
AAPL,2016-11-18,27.52
AAPL,2016-11-21,27.93
AAPL,2016-11-22,27.95
AAPL,2016-11-23,27.81
AAPL,2016-11-25,27.95
AAPL,2016-11-28,27.89
AAPL,2016-11-29,27.87
AAPL,2016-11-30,27.63
AAPL,2016-12-1,27.37
AAPL,2016-12-2,27.48
AAPL,2016-12-5,27.28
AAPL,2016-12-6,27.49
AAPL,2016-12-7,27.76
AAPL,2016-12-8,28.03
AAPL,2016-12-9,28.49
AAPL,2016-12-12,28.33
AAPL,2016-12-13,28.8
AAPL,2016-12-14,28.8
AAPL,2016-12-15,28.96
AAPL,2016-12-16,28.99
AAPL,2016-12-19,29.16
AAPL,2016-12-20,29.24
AAPL,2016-12-21,29.27
AAPL,2016-12-22,29.07
AAPL,2016-12-23,29.13
AAPL,2016-12-27,29.32
AAPL,2016-12-28,29.19
AAPL,2016-12-29,29.18
AAPL,2016-12-30,28.96
AAPL,2017-1-3,29.04
AAPL,2017-1-4,29.01
AAPL,2017-1-5,29.15
AAPL,2017-1-6,29.48
AAPL,2017-1-9,29.75
AAPL,2017-1-10,29.78
AAPL,2017-1-11,29.94
AAPL,2017-1-12,29.81
AAPL,2017-1-13,29.76
AAPL,2017-1-17,30
AAPL,2017-1-18,30
AAPL,2017-1-19,29.95
AAPL,2017-1-20,30
AAPL,2017-1-23,30.02
AAPL,2017-1-24,29.99
AAPL,2017-1-25,30.47
AAPL,2017-1-26,30.49
AAPL,2017-1-27,30.49
AAPL,2017-1-30,30.41
AAPL,2017-1-31,30.34
AAPL,2017-2-1,32.19
AAPL,2017-2-2,32.13
AAPL,2017-2-3,32.27
AAPL,2017-2-6,32.57
AAPL,2017-2-7,32.88
AAPL,2017-2-8,33.01
AAPL,2017-2-9,33.1
AAPL,2017-2-10,33.03
AAPL,2017-2-13,33.32
AAPL,2017-2-14,33.76
AAPL,2017-2-15,33.88
AAPL,2017-2-16,33.84
AAPL,2017-2-17,33.93
AAPL,2017-2-21,34.17
AAPL,2017-2-22,34.28
AAPL,2017-2-23,34.13
AAPL,2017-2-24,34.17
AAPL,2017-2-27,34.23
AAPL,2017-2-28,34.25
AAPL,2017-3-1,34.95
AAPL,2017-3-2,34.74
AAPL,2017-3-3,34.95
AAPL,2017-3-6,34.84
AAPL,2017-3-7,34.88
AAPL,2017-3-8,34.75
AAPL,2017-3-9,34.67
AAPL,2017-3-10,34.78
AAPL,2017-3-13,34.8
AAPL,2017-3-14,34.75
AAPL,2017-3-15,35.12
AAPL,2017-3-16,35.17
AAPL,2017-3-17,35
AAPL,2017-3-20,35.37
AAPL,2017-3-21,34.96
AAPL,2017-3-22,35.35
AAPL,2017-3-23,35.23
AAPL,2017-3-24,35.16
AAPL,2017-3-27,35.22
AAPL,2017-3-28,35.95
AAPL,2017-3-29,36.03
AAPL,2017-3-30,35.98
AAPL,2017-3-31,35.92
AAPL,2017-4-3,35.92
AAPL,2017-4-4,36.19
AAPL,2017-4-5,36.01
AAPL,2017-4-6,35.92
AAPL,2017-4-7,35.84
AAPL,2017-4-10,35.79
AAPL,2017-4-11,35.41
AAPL,2017-4-12,35.45
AAPL,2017-4-13,35.26
AAPL,2017-4-17,35.46
AAPL,2017-4-18,35.3
AAPL,2017-4-19,35.17
AAPL,2017-4-20,35.61
AAPL,2017-4-21,35.57
AAPL,2017-4-24,35.91
AAPL,2017-4-25,36.13
AAPL,2017-4-26,35.92
AAPL,2017-4-27,35.95
AAPL,2017-4-28,35.91
AAPL,2017-5-1,36.65
AAPL,2017-5-2,36.88
AAPL,2017-5-3,36.77
AAPL,2017-5-4,36.63
AAPL,2017-5-5,37.24
AAPL,2017-5-8,38.25
AAPL,2017-5-9,38.5
AAPL,2017-5-10,38.32
AAPL,2017-5-11,38.49
AAPL,2017-5-12,39.03
AAPL,2017-5-15,38.92
AAPL,2017-5-16,38.87
AAPL,2017-5-17,37.56
AAPL,2017-5-18,38.14
AAPL,2017-5-19,38.27
AAPL,2017-5-22,38.5
AAPL,2017-5-23,38.45
AAPL,2017-5-24,38.34
AAPL,2017-5-25,38.47
AAPL,2017-5-26,38.4
AAPL,2017-5-30,38.42
AAPL,2017-5-31,38.19
AAPL,2017-6-1,38.3
AAPL,2017-6-2,38.86
AAPL,2017-6-5,38.48
AAPL,2017-6-6,38.61
AAPL,2017-6-7,38.84
AAPL,2017-6-8,38.75
AAPL,2017-6-9,37.24
AAPL,2017-6-12,36.35
AAPL,2017-6-13,36.65
AAPL,2017-6-14,36.29
AAPL,2017-6-15,36.07
AAPL,2017-6-16,35.57
AAPL,2017-6-19,36.59
AAPL,2017-6-20,36.25
AAPL,2017-6-21,36.47
AAPL,2017-6-22,36.41
AAPL,2017-6-23,36.57
AAPL,2017-6-26,36.46
AAPL,2017-6-27,35.93
AAPL,2017-6-28,36.46
AAPL,2017-6-29,35.92
AAPL,2017-6-30,36.01
AAPL,2017-7-3,35.88
AAPL,2017-7-5,36.02
AAPL,2017-7-6,35.68
AAPL,2017-7-7,36.05
AAPL,2017-7-10,36.27
AAPL,2017-7-11,36.38
AAPL,2017-7-12,36.44
AAPL,2017-7-13,36.94
AAPL,2017-7-14,37.26
AAPL,2017-7-17,37.39
AAPL,2017-7-18,37.52
AAPL,2017-7-19,37.76
AAPL,2017-7-20,37.59
AAPL,2017-7-21,37.57
AAPL,2017-7-24,38.02
AAPL,2017-7-25,38.19
AAPL,2017-7-26,38.37
AAPL,2017-7-27,37.64
AAPL,2017-7-28,37.38
AAPL,2017-7-31,37.18
AAPL,2017-8-1,37.51
AAPL,2017-8-2,39.28
AAPL,2017-8-3,38.89
AAPL,2017-8-4,39.1
AAPL,2017-8-7,39.7
AAPL,2017-8-8,40.02
AAPL,2017-8-9,40.27
AAPL,2017-8-10,38.83
AAPL,2017-8-11,39.37
AAPL,2017-8-14,39.96
AAPL,2017-8-15,40.4
AAPL,2017-8-16,40.24
AAPL,2017-8-17,39.47
AAPL,2017-8-18,39.38
AAPL,2017-8-21,39.3
AAPL,2017-8-22,39.95
AAPL,2017-8-23,39.99
AAPL,2017-8-24,39.82
AAPL,2017-8-25,39.97
AAPL,2017-8-28,40.37
AAPL,2017-8-29,40.73
AAPL,2017-8-30,40.84
AAPL,2017-8-31,41
AAPL,2017-9-1,41.01
AAPL,2017-9-5,40.52
AAPL,2017-9-6,40.48
AAPL,2017-9-7,40.32
AAPL,2017-9-8,39.66
AAPL,2017-9-11,40.38
AAPL,2017-9-12,40.22
AAPL,2017-9-13,39.91
AAPL,2017-9-14,39.57
AAPL,2017-9-15,39.97
AAPL,2017-9-18,39.67
AAPL,2017-9-19,39.68
AAPL,2017-9-20,39.02
AAPL,2017-9-21,38.35
AAPL,2017-9-22,37.97
AAPL,2017-9-25,37.64
AAPL,2017-9-26,38.28
AAPL,2017-9-27,38.56
AAPL,2017-9-28,38.32
AAPL,2017-9-29,38.53
AAPL,2017-10-2,38.45
AAPL,2017-10-3,38.62
AAPL,2017-10-4,38.37
AAPL,2017-10-5,38.85
AAPL,2017-10-6,38.83
AAPL,2017-10-9,38.96
AAPL,2017-10-10,38.98
AAPL,2017-10-11,39.14
AAPL,2017-10-12,39
AAPL,2017-10-13,39.25
AAPL,2017-10-16,39.97
AAPL,2017-10-17,40.12
AAPL,2017-10-18,39.94
AAPL,2017-10-19,38.99
AAPL,2017-10-20,39.06
AAPL,2017-10-23,39.04
AAPL,2017-10-24,39.28
AAPL,2017-10-25,39.1
AAPL,2017-10-26,39.35
AAPL,2017-10-27,40.76
AAPL,2017-10-30,41.68
AAPL,2017-10-31,42.26
AAPL,2017-11-1,41.72
AAPL,2017-11-2,42.03
AAPL,2017-11-3,43.13
AAPL,2017-11-6,43.56
AAPL,2017-11-7,43.7
AAPL,2017-11-8,44.06
AAPL,2017-11-9,43.97
AAPL,2017-11-10,43.67
AAPL,2017-11-13,43.49
AAPL,2017-11-14,42.84
AAPL,2017-11-15,42.27
AAPL,2017-11-16,42.78
AAPL,2017-11-17,42.54
AAPL,2017-11-20,42.5
AAPL,2017-11-21,43.29
AAPL,2017-11-22,43.74
AAPL,2017-11-24,43.74
AAPL,2017-11-27,43.52
AAPL,2017-11-28,43.27
AAPL,2017-11-29,42.37
AAPL,2017-11-30,42.96
AAPL,2017-12-1,42.76
AAPL,2017-12-4,42.45
AAPL,2017-12-5,42.41
AAPL,2017-12-6,42.25
AAPL,2017-12-7,42.33
AAPL,2017-12-8,42.34
AAPL,2017-12-11,43.17
AAPL,2017-12-12,42.93
AAPL,2017-12-13,43.07
AAPL,2017-12-14,43.06
AAPL,2017-12-15,43.49
AAPL,2017-12-18,44.11
AAPL,2017-12-19,43.64
AAPL,2017-12-20,43.59
AAPL,2017-12-21,43.75
AAPL,2017-12-22,43.75
AAPL,2017-12-26,42.64
AAPL,2017-12-27,42.65
AAPL,2017-12-28,42.77
AAPL,2017-12-29,42.31
AAPL,2018-1-2,43.07
AAPL,2018-1-3,43.06
AAPL,2018-1-4,43.26
AAPL,2018-1-5,43.75
AAPL,2018-1-8,43.59
AAPL,2018-1-9,43.58
AAPL,2018-1-10,43.57
AAPL,2018-1-11,43.82
AAPL,2018-1-12,44.27
AAPL,2018-1-16,44.05
AAPL,2018-1-17,44.78
AAPL,2018-1-18,44.82
AAPL,2018-1-19,44.62
AAPL,2018-1-22,44.25
AAPL,2018-1-23,44.26
AAPL,2018-1-24,43.56
AAPL,2018-1-25,42.78
AAPL,2018-1-26,42.88
AAPL,2018-1-29,41.99
AAPL,2018-1-30,41.74
AAPL,2018-1-31,41.86
AAPL,2018-2-1,41.95
AAPL,2018-2-2,40.13
AAPL,2018-2-5,39.12
AAPL,2018-2-6,40.76
AAPL,2018-2-7,39.89
AAPL,2018-2-8,38.79
AAPL,2018-2-9,39.1
AAPL,2018-2-12,40.68
AAPL,2018-2-13,41.09
AAPL,2018-2-14,41.84
AAPL,2018-2-15,43.25
AAPL,2018-2-16,43.11
AAPL,2018-2-20,42.96
AAPL,2018-2-21,42.77
AAPL,2018-2-22,43.13
AAPL,2018-2-23,43.88
AAPL,2018-2-26,44.74
AAPL,2018-2-27,44.6
AAPL,2018-2-28,44.53
AAPL,2018-3-1,43.75
AAPL,2018-3-2,44.05
AAPL,2018-3-5,44.21
AAPL,2018-3-6,44.17
AAPL,2018-3-7,43.76
AAPL,2018-3-8,44.24
AAPL,2018-3-9,45
AAPL,2018-3-12,45.43
AAPL,2018-3-13,44.99
AAPL,2018-3-14,44.61
AAPL,2018-3-15,44.66
AAPL,2018-3-16,44.51
AAPL,2018-3-19,43.83
AAPL,2018-3-20,43.81
AAPL,2018-3-21,42.82
AAPL,2018-3-22,42.21
AAPL,2018-3-23,41.24
AAPL,2018-3-26,43.19
AAPL,2018-3-27,42.09
AAPL,2018-3-28,41.62
AAPL,2018-3-29,41.95
AAPL,2018-4-2,41.67
AAPL,2018-4-3,42.1
AAPL,2018-4-4,42.9
AAPL,2018-4-5,43.2
AAPL,2018-4-6,42.1
AAPL,2018-4-9,42.51
AAPL,2018-4-10,43.31
AAPL,2018-4-11,43.11
AAPL,2018-4-12,43.54
AAPL,2018-4-13,43.68
AAPL,2018-4-16,43.96
AAPL,2018-4-17,44.56
AAPL,2018-4-18,44.46
AAPL,2018-4-19,43.2
AAPL,2018-4-20,41.43
AAPL,2018-4-23,41.31
AAPL,2018-4-24,40.74
AAPL,2018-4-25,40.91
AAPL,2018-4-26,41.06
AAPL,2018-4-27,40.58
AAPL,2018-4-30,41.32
AAPL,2018-5-1,42.28
AAPL,2018-5-2,44.14
AAPL,2018-5-3,44.22
AAPL,2018-5-4,45.96
AAPL,2018-5-7,46.29
AAPL,2018-5-8,46.51
AAPL,2018-5-9,46.84
AAPL,2018-5-10,47.51
AAPL,2018-5-11,47.15
AAPL,2018-5-14,47.04
AAPL,2018-5-15,46.61
AAPL,2018-5-16,47.05
AAPL,2018-5-17,46.75
AAPL,2018-5-18,46.58
AAPL,2018-5-21,46.91
AAPL,2018-5-22,46.79
AAPL,2018-5-23,47.09
AAPL,2018-5-24,47.04
AAPL,2018-5-25,47.15
AAPL,2018-5-29,46.98
AAPL,2018-5-30,46.88
AAPL,2018-5-31,46.72
AAPL,2018-6-1,47.56
AAPL,2018-6-4,47.96
AAPL,2018-6-5,48.33
AAPL,2018-6-6,48.5
AAPL,2018-6-7,48.37
AAPL,2018-6-8,47.93
AAPL,2018-6-11,47.81
AAPL,2018-6-12,48.07
AAPL,2018-6-13,47.68
AAPL,2018-6-14,47.7
AAPL,2018-6-15,47.21
AAPL,2018-6-18,47.19
AAPL,2018-6-19,46.42
AAPL,2018-6-20,46.63
AAPL,2018-6-21,46.37
AAPL,2018-6-22,46.23
AAPL,2018-6-25,45.54
AAPL,2018-6-26,46.11
AAPL,2018-6-27,46.04
AAPL,2018-6-28,46.38
AAPL,2018-6-29,46.28
AAPL,2018-7-2,46.8
AAPL,2018-7-3,45.98
AAPL,2018-7-5,46.35
AAPL,2018-7-6,46.99
AAPL,2018-7-9,47.65
AAPL,2018-7-10,47.59
AAPL,2018-7-11,46.97
AAPL,2018-7-12,47.76
AAPL,2018-7-13,47.83
AAPL,2018-7-16,47.73
AAPL,2018-7-17,47.86
AAPL,2018-7-18,47.6
AAPL,2018-7-19,47.97
AAPL,2018-7-20,47.86
AAPL,2018-7-23,47.86
AAPL,2018-7-24,48.25
AAPL,2018-7-25,48.71
AAPL,2018-7-26,48.55
AAPL,2018-7-27,47.75
AAPL,2018-7-30,47.48
AAPL,2018-7-31,47.57
AAPL,2018-8-1,50.38
AAPL,2018-8-2,51.85
AAPL,2018-8-3,52
AAPL,2018-8-6,52.27
AAPL,2018-8-7,51.78
AAPL,2018-8-8,51.81
AAPL,2018-8-9,52.22
AAPL,2018-8-10,51.88
AAPL,2018-8-13,52.22
AAPL,2018-8-14,52.44
AAPL,2018-8-15,52.56
AAPL,2018-8-16,53.33
AAPL,2018-8-17,54.4
AAPL,2018-8-20,53.87
AAPL,2018-8-21,53.76
AAPL,2018-8-22,53.76
AAPL,2018-8-23,53.87
AAPL,2018-8-24,54.04
AAPL,2018-8-27,54.49
AAPL,2018-8-28,54.93
AAPL,2018-8-29,55.75
AAPL,2018-8-30,56.26
AAPL,2018-8-31,56.91
AAPL,2018-9-4,57.09
AAPL,2018-9-5,56.72
AAPL,2018-9-6,55.78
AAPL,2018-9-7,55.33
AAPL,2018-9-10,54.58
AAPL,2018-9-11,55.96
AAPL,2018-9-12,55.27
AAPL,2018-9-13,56.6
AAPL,2018-9-14,55.96
AAPL,2018-9-17,54.47
AAPL,2018-9-18,54.56
AAPL,2018-9-19,54.59
AAPL,2018-9-20,55.01
AAPL,2018-9-21,54.42
AAPL,2018-9-24,55.2
AAPL,2018-9-25,55.55
AAPL,2018-9-26,55.11
AAPL,2018-9-27,56.24
AAPL,2018-9-28,56.44
AAPL,2018-10-1,56.82
AAPL,2018-10-2,57.32
AAPL,2018-10-3,58.02
AAPL,2018-10-4,57
AAPL,2018-10-5,56.07
AAPL,2018-10-8,55.94
AAPL,2018-10-9,56.72
AAPL,2018-10-10,54.09
AAPL,2018-10-11,53.61
AAPL,2018-10-12,55.53
AAPL,2018-10-15,54.34
AAPL,2018-10-16,55.54
AAPL,2018-10-17,55.3
AAPL,2018-10-18,54.01
AAPL,2018-10-19,54.83
AAPL,2018-10-22,55.16
AAPL,2018-10-23,55.68
AAPL,2018-10-24,53.77
AAPL,2018-10-25,54.95
AAPL,2018-10-26,54.08
AAPL,2018-10-29,53.06
AAPL,2018-10-30,53.33
AAPL,2018-10-31,54.72
AAPL,2018-11-1,55.56
AAPL,2018-11-2,51.87
AAPL,2018-11-5,50.4
AAPL,2018-11-6,50.94
AAPL,2018-11-7,52.49
AAPL,2018-11-8,52.12
AAPL,2018-11-9,51.12
AAPL,2018-11-12,48.54
AAPL,2018-11-13,48.06
AAPL,2018-11-14,46.7
AAPL,2018-11-15,47.85
AAPL,2018-11-16,48.38
AAPL,2018-11-19,46.47
AAPL,2018-11-20,44.25
AAPL,2018-11-21,44.2
AAPL,2018-11-23,43.07
AAPL,2018-11-26,43.66
AAPL,2018-11-27,43.56
AAPL,2018-11-28,45.24
AAPL,2018-11-29,44.89
AAPL,2018-11-30,44.65
AAPL,2018-12-3,46.21
AAPL,2018-12-4,44.17
AAPL,2018-12-6,43.68
AAPL,2018-12-7,42.12
AAPL,2018-12-10,42.4
AAPL,2018-12-11,42.16
AAPL,2018-12-12,42.28
AAPL,2018-12-13,42.74
AAPL,2018-12-14,41.37
AAPL,2018-12-17,40.99
AAPL,2018-12-18,41.52
AAPL,2018-12-19,40.22
AAPL,2018-12-20,39.21
AAPL,2018-12-21,37.68
AAPL,2018-12-24,36.71
AAPL,2018-12-26,39.29
AAPL,2018-12-27,39.04
AAPL,2018-12-28,39.06
AAPL,2018-12-31,39.44
AAPL,2019-1-2,39.48
AAPL,2019-1-3,35.55
AAPL,2019-1-4,37.07
AAPL,2019-1-7,36.98
AAPL,2019-1-8,37.69
AAPL,2019-1-9,38.33
AAPL,2019-1-10,38.45
AAPL,2019-1-11,38.07
AAPL,2019-1-14,37.5
AAPL,2019-1-15,38.27
AAPL,2019-1-16,38.74
AAPL,2019-1-17,38.97
AAPL,2019-1-18,39.21
AAPL,2019-1-22,38.33
AAPL,2019-1-23,38.48
AAPL,2019-1-24,38.17
AAPL,2019-1-25,39.44
AAPL,2019-1-28,39.08
AAPL,2019-1-29,38.67
AAPL,2019-1-30,41.31
AAPL,2019-1-31,41.61
AAPL,2019-2-1,41.63
AAPL,2019-2-4,42.81
AAPL,2019-2-5,43.55
AAPL,2019-2-6,43.56
AAPL,2019-2-7,42.74
AAPL,2019-2-8,42.6
AAPL,2019-2-11,42.36
AAPL,2019-2-12,42.72
AAPL,2019-2-13,42.55
AAPL,2019-2-14,42.7
AAPL,2019-2-15,42.61
AAPL,2019-2-19,42.73
AAPL,2019-2-20,43.01
AAPL,2019-2-21,42.77
AAPL,2019-2-22,43.24
AAPL,2019-2-25,43.56
AAPL,2019-2-26,43.58
AAPL,2019-2-27,43.72
AAPL,2019-2-28,43.29
AAPL,2019-3-1,43.74
AAPL,2019-3-4,43.96
AAPL,2019-3-5,43.88
AAPL,2019-3-6,43.63
AAPL,2019-3-7,43.13
AAPL,2019-3-8,43.23
AAPL,2019-3-11,44.73
AAPL,2019-3-12,45.23
AAPL,2019-3-13,45.43
AAPL,2019-3-14,45.93
AAPL,2019-3-15,46.53
AAPL,2019-3-18,47.01
AAPL,2019-3-19,46.63
AAPL,2019-3-20,47.04
AAPL,2019-3-21,48.77
AAPL,2019-3-22,47.76
AAPL,2019-3-25,47.19
AAPL,2019-3-26,46.7
AAPL,2019-3-27,47.12
AAPL,2019-3-28,47.18
AAPL,2019-3-29,47.49
AAPL,2019-4-1,47.81
AAPL,2019-4-2,48.51
AAPL,2019-4-3,48.84
AAPL,2019-4-4,48.92
AAPL,2019-4-5,49.25
AAPL,2019-4-8,50.03
AAPL,2019-4-9,49.88
AAPL,2019-4-10,50.16
AAPL,2019-4-11,49.74
AAPL,2019-4-12,49.72
AAPL,2019-4-15,49.81
AAPL,2019-4-16,49.81
AAPL,2019-4-17,50.78
AAPL,2019-4-18,50.97
AAPL,2019-4-22,51.13
AAPL,2019-4-23,51.87
AAPL,2019-4-24,51.79
AAPL,2019-4-25,51.32
AAPL,2019-4-26,51.08
AAPL,2019-4-29,51.15
AAPL,2019-4-30,50.17
AAPL,2019-5-1,52.63
AAPL,2019-5-2,52.29
AAPL,2019-5-3,52.94
AAPL,2019-5-6,52.12
AAPL,2019-5-7,50.72
AAPL,2019-5-8,50.73
AAPL,2019-5-9,50.18
AAPL,2019-5-10,49.3
AAPL,2019-5-13,46.43
AAPL,2019-5-14,47.17
AAPL,2019-5-15,47.73
AAPL,2019-5-16,47.52
AAPL,2019-5-17,47.25
AAPL,2019-5-20,45.77
AAPL,2019-5-21,46.65
AAPL,2019-5-22,45.7
AAPL,2019-5-23,44.92
AAPL,2019-5-24,44.74
AAPL,2019-5-28,44.56
AAPL,2019-5-29,44.35
AAPL,2019-5-30,44.58
AAPL,2019-5-31,43.77
AAPL,2019-6-3,43.33
AAPL,2019-6-4,44.91
AAPL,2019-6-5,45.64
AAPL,2019-6-6,46.31
AAPL,2019-6-7,47.54
AAPL,2019-6-10,48.15
AAPL,2019-6-11,48.7
AAPL,2019-6-12,48.55
AAPL,2019-6-13,48.54
AAPL,2019-6-14,48.19
AAPL,2019-6-17,48.47
AAPL,2019-6-18,49.61
AAPL,2019-6-19,49.47
AAPL,2019-6-20,49.87
AAPL,2019-6-21,49.7
AAPL,2019-6-24,49.65
AAPL,2019-6-25,48.89
AAPL,2019-6-26,49.95
AAPL,2019-6-27,49.94
AAPL,2019-6-28,49.48
AAPL,2019-7-1,50.39
AAPL,2019-7-2,50.68
AAPL,2019-7-3,51.1
AAPL,2019-7-5,51.06
AAPL,2019-7-8,50.01
AAPL,2019-7-9,50.31
AAPL,2019-7-10,50.81
AAPL,2019-7-11,50.44
AAPL,2019-7-12,50.83
AAPL,2019-7-15,51.3
AAPL,2019-7-16,51.13
AAPL,2019-7-17,50.84
AAPL,2019-7-18,51.42
AAPL,2019-7-19,50.65
AAPL,2019-7-22,51.81
AAPL,2019-7-23,52.21
AAPL,2019-7-24,52.17
AAPL,2019-7-25,51.76
AAPL,2019-7-26,51.94
AAPL,2019-7-29,52.42
AAPL,2019-7-30,52.2
AAPL,2019-7-31,53.26
AAPL,2019-8-1,52.11
AAPL,2019-8-2,51.01
AAPL,2019-8-5,48.34
AAPL,2019-8-6,49.25
AAPL,2019-8-7,49.76
AAPL,2019-8-8,50.86
AAPL,2019-8-9,50.25
AAPL,2019-8-12,50.12
AAPL,2019-8-13,52.24
AAPL,2019-8-14,50.69
AAPL,2019-8-15,50.44
AAPL,2019-8-16,51.63
AAPL,2019-8-19,52.59
AAPL,2019-8-20,52.59
AAPL,2019-8-21,53.16
AAPL,2019-8-22,53.12
AAPL,2019-8-23,50.66
AAPL,2019-8-26,51.62
AAPL,2019-8-27,51.04
AAPL,2019-8-28,51.38
AAPL,2019-8-29,52.25
AAPL,2019-8-30,52.19
AAPL,2019-9-3,51.43
AAPL,2019-9-4,52.3
AAPL,2019-9-5,53.32
AAPL,2019-9-6,53.32
AAPL,2019-9-9,53.54
AAPL,2019-9-10,54.18
AAPL,2019-9-11,55.9
AAPL,2019-9-12,55.77
AAPL,2019-9-13,54.69
AAPL,2019-9-16,54.98
AAPL,2019-9-17,55.18
AAPL,2019-9-18,55.69
AAPL,2019-9-19,55.24
AAPL,2019-9-20,54.43
AAPL,2019-9-23,54.68
AAPL,2019-9-24,54.42
AAPL,2019-9-25,55.26
AAPL,2019-9-26,54.97
AAPL,2019-9-27,54.71
AAPL,2019-9-30,55.99
AAPL,2019-10-1,56.15
AAPL,2019-10-2,54.74
AAPL,2019-10-3,55.21
AAPL,2019-10-4,56.75
AAPL,2019-10-7,56.77
AAPL,2019-10-8,56.1
AAPL,2019-10-9,56.76
AAPL,2019-10-10,57.52
AAPL,2019-10-11,59.05
AAPL,2019-10-14,58.97
AAPL,2019-10-15,58.83
AAPL,2019-10-16,58.59
AAPL,2019-10-17,58.82
AAPL,2019-10-18,59.1
AAPL,2019-10-21,60.13
AAPL,2019-10-22,59.99
AAPL,2019-10-23,60.8
AAPL,2019-10-24,60.9
AAPL,2019-10-25,61.65
AAPL,2019-10-28,62.26
AAPL,2019-10-29,60.82
AAPL,2019-10-30,60.82
AAPL,2019-10-31,62.19
AAPL,2019-11-1,63.96
AAPL,2019-11-4,64.38
AAPL,2019-11-5,64.28
AAPL,2019-11-6,64.31
AAPL,2019-11-7,64.86
AAPL,2019-11-8,65.04
AAPL,2019-11-11,65.55
AAPL,2019-11-12,65.49
AAPL,2019-11-13,66.12
AAPL,2019-11-14,65.66
AAPL,2019-11-15,66.44
AAPL,2019-11-18,66.78
AAPL,2019-11-19,66.57
AAPL,2019-11-20,65.8
AAPL,2019-11-21,65.5
AAPL,2019-11-22,65.44
AAPL,2019-11-25,66.59
AAPL,2019-11-26,66.07
AAPL,2019-11-27,66.96
AAPL,2019-11-29,66.81
AAPL,2019-12-2,66.04
AAPL,2019-12-3,64.86
AAPL,2019-12-4,65.44
AAPL,2019-12-5,66.4
AAPL,2019-12-6,67.68
AAPL,2019-12-9,66.73
AAPL,2019-12-10,67.12
AAPL,2019-12-11,67.69
AAPL,2019-12-12,67.86
AAPL,2019-12-13,68.79
AAPL,2019-12-16,69.97
AAPL,2019-12-17,70.1
AAPL,2019-12-18,69.94
AAPL,2019-12-19,70.01
AAPL,2019-12-20,69.86
AAPL,2019-12-23,71
AAPL,2019-12-24,71.07
AAPL,2019-12-26,72.48
AAPL,2019-12-27,72.45
AAPL,2019-12-30,72.88
AAPL,2019-12-31,73.41
AAPL,2020-1-2,75.09
AAPL,2020-1-3,74.36
AAPL,2020-1-6,74.95
AAPL,2020-1-7,74.6
AAPL,2020-1-8,75.8
AAPL,2020-1-9,77.41
AAPL,2020-1-10,77.58
AAPL,2020-1-13,79.24
AAPL,2020-1-14,78.17
AAPL,2020-1-15,77.83
AAPL,2020-1-16,78.81
AAPL,2020-1-17,79.68
AAPL,2020-1-21,79.14
AAPL,2020-1-22,79.43
AAPL,2020-1-23,79.81
AAPL,2020-1-24,79.58
AAPL,2020-1-27,77.24
AAPL,2020-1-28,79.42
AAPL,2020-1-29,81.08
AAPL,2020-1-30,80.97
AAPL,2020-1-31,77.38
AAPL,2020-2-3,77.17
AAPL,2020-2-4,79.71
AAPL,2020-2-5,80.36
AAPL,2020-2-6,81.3
AAPL,2020-2-7,80.01
AAPL,2020-2-10,80.39
AAPL,2020-2-11,79.9
AAPL,2020-2-12,81.8
AAPL,2020-2-13,81.22
AAPL,2020-2-14,81.24
AAPL,2020-2-18,79.75
AAPL,2020-2-19,80.91
AAPL,2020-2-20,80.08
AAPL,2020-2-21,78.26
AAPL,2020-2-24,74.55
AAPL,2020-2-25,72.02
AAPL,2020-2-26,73.16
AAPL,2020-2-27,68.38
AAPL,2020-2-28,68.34
AAPL,2020-3-2,74.7
AAPL,2020-3-3,72.33
AAPL,2020-3-4,75.69
AAPL,2020-3-5,73.23
AAPL,2020-3-6,72.26
AAPL,2020-3-9,66.54
AAPL,2020-3-10,71.33
AAPL,2020-3-11,68.86
AAPL,2020-3-12,62.06
AAPL,2020-3-13,69.49
AAPL,2020-3-16,60.55
AAPL,2020-3-17,63.22
AAPL,2020-3-18,61.67
AAPL,2020-3-19,61.2
AAPL,2020-3-20,57.31
AAPL,2020-3-23,56.09
AAPL,2020-3-24,61.72
AAPL,2020-3-25,61.38
AAPL,2020-3-26,64.61
AAPL,2020-3-27,61.94
AAPL,2020-3-30,63.7
AAPL,2020-3-31,63.57
AAPL,2020-4-1,60.23
AAPL,2020-4-2,61.23
AAPL,2020-4-3,60.35
AAPL,2020-4-6,65.62
AAPL,2020-4-7,64.86
AAPL,2020-4-8,66.52
AAPL,2020-4-9,67
AAPL,2020-4-13,68.31
AAPL,2020-4-14,71.76
AAPL,2020-4-15,71.11
AAPL,2020-4-16,71.67
AAPL,2020-4-17,70.7
AAPL,2020-4-20,69.23
AAPL,2020-4-21,67.09
AAPL,2020-4-22,69.03
AAPL,2020-4-23,68.76
AAPL,2020-4-24,70.74
AAPL,2020-4-27,70.79
AAPL,2020-4-28,69.65
AAPL,2020-4-29,71.93
AAPL,2020-4-30,73.45
AAPL,2020-5-1,72.27
AAPL,2020-5-4,73.29
AAPL,2020-5-5,74.39
AAPL,2020-5-6,75.16
AAPL,2020-5-7,75.94
AAPL,2020-5-8,77.53
AAPL,2020-5-11,78.75
AAPL,2020-5-12,77.85
AAPL,2020-5-13,76.91
AAPL,2020-5-14,77.39
AAPL,2020-5-15,76.93
AAPL,2020-5-18,78.74
AAPL,2020-5-19,78.29
AAPL,2020-5-20,79.81
AAPL,2020-5-21,79.21
AAPL,2020-5-22,79.72
AAPL,2020-5-26,79.18
AAPL,2020-5-27,79.53
AAPL,2020-5-28,79.56
AAPL,2020-5-29,79.49
AAPL,2020-6-1,80.46
AAPL,2020-6-2,80.83
AAPL,2020-6-3,81.28
AAPL,2020-6-4,80.58
AAPL,2020-6-5,82.88
AAPL,2020-6-8,83.37
AAPL,2020-6-9,86
AAPL,2020-6-10,88.21
AAPL,2020-6-11,83.98
AAPL,2020-6-12,84.7
AAPL,2020-6-15,85.75
AAPL,2020-6-16,88.02
AAPL,2020-6-17,87.9
AAPL,2020-6-18,87.93
AAPL,2020-6-19,87.43
AAPL,2020-6-22,89.72
AAPL,2020-6-23,91.63
AAPL,2020-6-24,90.02
AAPL,2020-6-25,91.21
AAPL,2020-6-26,88.41
AAPL,2020-6-29,90.45
AAPL,2020-6-30,91.2
AAPL,2020-7-1,91.03
AAPL,2020-7-2,91.03
AAPL,2020-7-6,93.46
AAPL,2020-7-7,93.17
AAPL,2020-7-8,95.34
AAPL,2020-7-9,95.68
AAPL,2020-7-10,95.92
AAPL,2020-7-13,95.48
AAPL,2020-7-14,97.06
AAPL,2020-7-15,97.73
AAPL,2020-7-16,96.52
AAPL,2020-7-17,96.33
AAPL,2020-7-20,98.36
AAPL,2020-7-21,97
AAPL,2020-7-22,97.27
AAPL,2020-7-23,92.85
AAPL,2020-7-24,92.62
AAPL,2020-7-27,94.81
AAPL,2020-7-28,93.25
AAPL,2020-7-29,95.04
AAPL,2020-7-30,96.19
AAPL,2020-7-31,106.26
AAPL,2020-8-3,108.94
AAPL,2020-8-4,109.67
AAPL,2020-8-5,110.06
AAPL,2020-8-6,113.9
AAPL,2020-8-7,111.11
AAPL,2020-8-10,112.73
AAPL,2020-8-11,109.38
AAPL,2020-8-12,113.01
AAPL,2020-8-13,115.01
AAPL,2020-8-14,114.91
AAPL,2020-8-17,114.61
AAPL,2020-8-18,115.56
AAPL,2020-8-19,115.71
AAPL,2020-8-20,118.28
AAPL,2020-8-21,124.37
AAPL,2020-8-24,125.86
AAPL,2020-8-25,124.83
AAPL,2020-8-26,126.52
AAPL,2020-8-27,125.01
AAPL,2020-8-28,124.81
AAPL,2020-8-31,129.04
AAPL,2020-9-1,134.18
AAPL,2020-9-2,131.4
AAPL,2020-9-3,120.88
AAPL,2020-9-4,120.96
AAPL,2020-9-8,112.82
AAPL,2020-9-9,117.32
AAPL,2020-9-10,113.49
AAPL,2020-9-11,112
AAPL,2020-9-14,115.36
AAPL,2020-9-15,115.54
AAPL,2020-9-16,112.13
AAPL,2020-9-17,110.34
AAPL,2020-9-18,106.84
AAPL,2020-9-21,110.08
AAPL,2020-9-22,111.81
AAPL,2020-9-23,107.12
AAPL,2020-9-24,108.22
AAPL,2020-9-25,112.28
AAPL,2020-9-28,114.96
AAPL,2020-9-29,114.09
AAPL,2020-9-30,115.81
AAPL,2020-10-1,116.79
AAPL,2020-10-2,113.02
AAPL,2020-10-5,116.5
AAPL,2020-10-6,113.16
AAPL,2020-10-7,115.08
AAPL,2020-10-8,114.97
AAPL,2020-10-9,116.97
AAPL,2020-10-12,124.4
AAPL,2020-10-13,121.1
AAPL,2020-10-14,121.19
AAPL,2020-10-15,120.71
AAPL,2020-10-16,119.02
AAPL,2020-10-19,115.98
AAPL,2020-10-20,117.51
AAPL,2020-10-21,116.87
AAPL,2020-10-22,115.75
AAPL,2020-10-23,115.04
AAPL,2020-10-26,115.05
AAPL,2020-10-27,116.6
AAPL,2020-10-28,111.2
AAPL,2020-10-29,115.32
AAPL,2020-10-30,108.86
AAPL,2020-11-2,108.77
AAPL,2020-11-3,110.44
AAPL,2020-11-4,114.95
AAPL,2020-11-5,119.03
AAPL,2020-11-6,118.69
AAPL,2020-11-9,116.32
AAPL,2020-11-10,115.97
AAPL,2020-11-11,119.49
AAPL,2020-11-12,119.21
AAPL,2020-11-13,119.26
AAPL,2020-11-16,120.3
AAPL,2020-11-17,119.39
AAPL,2020-11-18,118.03
AAPL,2020-11-19,118.64
AAPL,2020-11-20,117.34
AAPL,2020-11-23,113.85
AAPL,2020-11-24,115.17
AAPL,2020-11-25,116.03
AAPL,2020-11-27,116.59
AAPL,2020-11-30,119.05
AAPL,2020-12-1,122.72
AAPL,2020-12-2,123.08
AAPL,2020-12-3,122.94
AAPL,2020-12-4,122.25
AAPL,2020-12-7,123.75
AAPL,2020-12-8,124.38
AAPL,2020-12-9,121.78
AAPL,2020-12-10,123.24
AAPL,2020-12-11,122.41
AAPL,2020-12-14,121.78
AAPL,2020-12-15,127.88
AAPL,2020-12-16,127.81
AAPL,2020-12-17,128.7
AAPL,2020-12-18,126.66
AAPL,2020-12-21,128.23
AAPL,2020-12-22,131.88
AAPL,2020-12-23,130.96
AAPL,2020-12-24,131.97
AAPL,2020-12-28,136.69
AAPL,2020-12-29,134.87
AAPL,2020-12-30,133.72
AAPL,2020-12-31,132.69
AAPL,2021-1-4,129.41
AAPL,2021-1-5,131.01
AAPL,2021-1-6,126.6
AAPL,2021-1-7,130.92
AAPL,2021-1-8,132.05
AAPL,2021-1-11,128.98
AAPL,2021-1-12,128.8
AAPL,2021-1-13,130.89
AAPL,2021-1-14,128.91
AAPL,2021-1-15,127.14
AAPL,2021-1-19,127.83
AAPL,2021-1-20,132.03
AAPL,2021-1-21,136.87
AAPL,2021-1-22,139.07
AAPL,2021-1-25,142.92
AAPL,2021-1-26,143.16
AAPL,2021-1-27,142.06
AAPL,2021-1-28,137.09
AAPL,2021-1-29,131.96
AAPL,2021-2-1,134.14
AAPL,2021-2-2,134.99
AAPL,2021-2-3,133.94
AAPL,2021-2-4,137.39
AAPL,2021-2-5,136.76
AAPL,2021-2-8,136.91
AAPL,2021-2-9,136.01
AAPL,2021-2-10,135.39
AAPL,2021-2-11,135.13
AAPL,2021-2-12,135.37
AAPL,2021-2-16,133.19
AAPL,2021-2-17,130.84
AAPL,2021-2-18,129.71
AAPL,2021-2-19,129.87
AAPL,2021-2-22,126
AAPL,2021-2-23,125.86
AAPL,2021-2-24,125.35
AAPL,2021-2-25,120.99
AAPL,2021-2-26,121.26
AAPL,2021-3-1,127.79
AAPL,2021-3-2,125.12
AAPL,2021-3-3,122.06
AAPL,2021-3-4,120.13
AAPL,2021-3-5,121.42
AAPL,2021-3-8,116.36
AAPL,2021-3-9,121.09
AAPL,2021-3-10,119.98
AAPL,2021-3-11,121.96
AAPL,2021-3-12,121.03
AAPL,2021-3-15,123.99
AAPL,2021-3-16,125.57
AAPL,2021-3-17,124.76
AAPL,2021-3-18,120.53
AAPL,2021-3-19,119.99
AAPL,2021-3-22,123.39
AAPL,2021-3-23,122.54
AAPL,2021-3-24,120.09
AAPL,2021-3-25,120.59
AAPL,2021-3-26,121.21
AAPL,2021-3-29,121.39
AAPL,2021-3-30,119.9
AAPL,2021-3-31,122.15
AAPL,2021-4-1,123
AAPL,2021-4-5,125.9
AAPL,2021-4-6,126.21
AAPL,2021-4-7,127.9
AAPL,2021-4-8,130.36
AAPL,2021-4-9,133
AAPL,2021-4-12,131.24
AAPL,2021-4-13,134.43
AAPL,2021-4-14,132.03
AAPL,2021-4-15,134.5
AAPL,2021-4-16,134.16
AAPL,2021-4-19,134.84
AAPL,2021-4-20,133.11
AAPL,2021-4-21,133.5
AAPL,2021-4-22,131.94
AAPL,2021-4-23,134.32
AAPL,2021-4-26,134.72
AAPL,2021-4-27,134.39
AAPL,2021-4-28,133.58
AAPL,2021-4-29,133.48
AAPL,2021-4-30,131.46
AAPL,2021-5-3,132.54
AAPL,2021-5-4,127.85
AAPL,2021-5-5,128.1
AAPL,2021-5-6,129.74
AAPL,2021-5-7,130.21
AAPL,2021-5-10,126.85
AAPL,2021-5-11,125.91
AAPL,2021-5-12,122.77
AAPL,2021-5-13,124.97
AAPL,2021-5-14,127.45
AAPL,2021-5-17,126.27
AAPL,2021-5-18,124.85
AAPL,2021-5-19,124.69
AAPL,2021-5-20,127.31
AAPL,2021-5-21,125.43
AAPL,2021-5-24,127.1
AAPL,2021-5-25,126.9
AAPL,2021-5-26,126.85
AAPL,2021-5-27,125.28
AAPL,2021-5-28,124.61
AAPL,2021-6-1,124.28
AAPL,2021-6-2,125.06
AAPL,2021-6-3,123.54
AAPL,2021-6-4,125.89
AAPL,2021-6-7,125.9
AAPL,2021-6-8,126.74
AAPL,2021-6-9,127.13
AAPL,2021-6-10,126.11
AAPL,2021-6-11,127.35
AAPL,2021-6-14,130.48
AAPL,2021-6-15,129.64
AAPL,2021-6-16,130.15
AAPL,2021-6-17,131.79
AAPL,2021-6-18,130.46
AAPL,2021-6-21,132.3
AAPL,2021-6-22,133.98
AAPL,2021-6-23,133.7
AAPL,2021-6-24,133.41
AAPL,2021-6-25,133.11
AAPL,2021-6-28,134.78
AAPL,2021-6-29,136.33
AAPL,2021-6-30,136.96
AAPL,2021-7-1,137.27
AAPL,2021-7-2,139.96
AAPL,2021-7-6,142.02
AAPL,2021-7-7,144.57
AAPL,2021-7-8,143.24
AAPL,2021-7-9,145.11
AAPL,2021-7-12,144.5
AAPL,2021-7-13,145.64
AAPL,2021-7-14,149.15
AAPL,2021-7-15,148.48
AAPL,2021-7-16,146.39
AAPL,2021-7-19,142.45
AAPL,2021-7-20,146.15
AAPL,2021-7-21,145.4
AAPL,2021-7-22,146.8
AAPL,2021-7-23,148.56
AAPL,2021-7-26,148.99
AAPL,2021-7-27,146.77
AAPL,2021-7-28,144.98
AAPL,2021-7-29,145.64
AAPL,2021-7-30,145.86
AAPL,2021-8-2,145.52
AAPL,2021-8-3,147.36
AAPL,2021-8-4,146.95
AAPL,2021-8-5,147.06
AAPL,2021-8-6,146.14
AAPL,2021-8-9,146.09
AAPL,2021-8-10,145.6
AAPL,2021-8-11,145.86
AAPL,2021-8-12,148.89
AAPL,2021-8-13,149.1
AAPL,2021-8-16,151.12
AAPL,2021-8-17,150.19
AAPL,2021-8-18,146.36
AAPL,2021-8-19,146.7
AAPL,2021-8-20,148.19
AAPL,2021-8-23,149.71
AAPL,2021-8-24,149.62
AAPL,2021-8-25,148.36
AAPL,2021-8-26,147.54
AAPL,2021-8-27,148.6
AAPL,2021-8-30,153.12
AAPL,2021-8-31,151.83
AAPL,2021-9-1,152.51
AAPL,2021-9-2,153.65
AAPL,2021-9-3,154.3
AAPL,2021-9-7,156.69
AAPL,2021-9-8,155.11
AAPL,2021-9-9,154.07
AAPL,2021-9-10,148.97
AAPL,2021-9-13,149.55
AAPL,2021-9-14,148.12
AAPL,2021-9-15,149.03
AAPL,2021-9-16,148.79
AAPL,2021-9-17,146.06
AAPL,2021-9-20,142.94
AAPL,2021-9-21,143.43
AAPL,2021-9-22,145.85
AAPL,2021-9-23,146.83
AAPL,2021-9-24,146.92
AAPL,2021-9-27,145.37
AAPL,2021-9-28,141.91
AAPL,2021-9-29,142.83
AAPL,2021-9-30,141.5
AAPL,2021-10-1,142.65
AAPL,2021-10-4,139.14
AAPL,2021-10-5,141.11
AAPL,2021-10-6,142
AAPL,2021-10-7,143.29
AAPL,2021-10-8,142.9
AAPL,2021-10-11,142.81
AAPL,2021-10-12,141.51
AAPL,2021-10-13,140.91
AAPL,2021-10-14,143.76
AAPL,2021-10-15,144.84
AAPL,2021-10-18,146.55
AAPL,2021-10-19,148.76
AAPL,2021-10-20,149.26
AAPL,2021-10-21,149.48
AAPL,2021-10-22,148.69
AAPL,2021-10-25,148.64
AAPL,2021-10-26,149.32
AAPL,2021-10-27,148.85
AAPL,2021-10-28,152.57
AAPL,2021-10-29,149.8
AAPL,2021-11-1,148.96
AAPL,2021-11-2,150.02
AAPL,2021-11-3,151.49
AAPL,2021-11-4,150.96
AAPL,2021-11-5,151.28
AAPL,2021-11-8,150.44
AAPL,2021-11-9,150.81
AAPL,2021-11-10,147.92
AAPL,2021-11-11,147.87
AAPL,2021-11-12,149.99
AAPL,2021-11-15,150
AAPL,2021-11-16,151
AAPL,2021-11-17,153.49
AAPL,2021-11-18,157.87
AAPL,2021-11-19,160.55
AAPL,2021-11-22,161.02
AAPL,2021-11-23,161.41
AAPL,2021-11-24,161.94
AAPL,2021-11-26,156.81
AAPL,2021-11-29,160.24
AAPL,2021-11-30,165.3
AAPL,2021-12-1,164.77
AAPL,2021-12-2,163.76
AAPL,2021-12-3,161.84
AAPL,2021-12-6,165.32
AAPL,2021-12-7,171.18
AAPL,2021-12-8,175.08
AAPL,2021-12-9,174.56
AAPL,2021-12-10,179.45
AAPL,2021-12-13,175.74
AAPL,2021-12-14,174.33
AAPL,2021-12-15,179.3
AAPL,2021-12-16,172.26
AAPL,2021-12-17,171.14
AAPL,2021-12-20,169.75
AAPL,2021-12-21,172.99
AAPL,2021-12-22,175.64
AAPL,2021-12-23,176.28
AAPL,2021-12-27,180.33
AAPL,2021-12-28,179.29
AAPL,2021-12-29,179.38
AAPL,2021-12-30,178.2
AAPL,2021-12-31,177.57
AAPL,2022-1-3,182.01
AAPL,2022-1-4,179.7
AAPL,2022-1-5,174.92
AAPL,2022-1-6,172
AAPL,2022-1-7,172.17
AAPL,2022-1-10,172.19
AAPL,2022-1-11,175.08
AAPL,2022-1-12,175.53
AAPL,2022-1-13,172.19
AAPL,2022-1-14,173.07
AAPL,2022-1-18,169.8
AAPL,2022-1-19,166.23
AAPL,2022-1-20,164.51
AAPL,2022-1-21,162.41
AAPL,2022-1-24,161.62
AAPL,2022-1-25,159.78
AAPL,2022-1-26,159.69
AAPL,2022-1-27,159.22
AAPL,2022-1-28,170.33
AAPL,2022-1-31,174.78
AAPL,2022-2-1,174.61
AAPL,2022-2-2,175.84
AAPL,2022-2-3,172.9
AAPL,2022-2-4,172.39
AAPL,2022-2-7,171.66
AAPL,2022-2-8,174.83
AAPL,2022-2-9,176.28
AAPL,2022-2-10,172.12
AAPL,2022-2-11,168.64
AAPL,2022-2-14,168.88
AAPL,2022-2-15,172.79
AAPL,2022-2-16,172.55
AAPL,2022-2-17,168.88
AAPL,2022-2-18,167.3
AAPL,2022-2-22,164.32
AAPL,2022-2-23,160.07
AAPL,2022-2-24,162.74
AAPL,2022-2-25,164.85
AAPL,2022-2-28,165.12
AAPL,2022-3-1,163.2
AAPL,2022-3-2,166.56
AAPL,2022-3-3,166.23
AAPL,2022-3-4,163.17
AAPL,2022-3-7,159.3
AAPL,2022-3-8,157.44
AAPL,2022-3-9,162.95
AAPL,2022-3-10,158.52
AAPL,2022-3-11,154.73
AAPL,2022-3-14,150.62
AAPL,2022-3-15,155.09
AAPL,2022-3-16,159.59
AAPL,2022-3-17,160.62
AAPL,2022-3-18,163.98
AAPL,2022-3-21,165.38
AAPL,2022-3-22,168.82
AAPL,2022-3-23,170.21
AAPL,2022-3-24,174.07
AAPL,2022-3-25,174.72
AAPL,2022-3-28,175.6
AAPL,2022-3-29,178.96
AAPL,2022-3-30,177.77
AAPL,2022-3-31,174.61
AAPL,2022-4-1,174.31
AAPL,2022-4-4,178.44
AAPL,2022-4-5,175.06
AAPL,2022-4-6,171.83
AAPL,2022-4-7,172.14
AAPL,2022-4-8,170.09
AAPL,2022-4-11,165.75
AAPL,2022-4-12,167.66
AAPL,2022-4-13,170.4
AAPL,2022-4-14,165.29
AAPL,2022-4-18,165.07
AAPL,2022-4-19,167.4
AAPL,2022-4-20,167.23
AAPL,2022-4-21,166.42
AAPL,2022-4-22,161.79
AAPL,2022-4-25,162.88
AAPL,2022-4-26,156.8
AAPL,2022-4-27,156.57
AAPL,2022-4-28,163.64
AAPL,2022-4-29,157.65
AAPL,2022-5-2,157.96
AAPL,2022-5-3,159.48
AAPL,2022-5-4,166.02
AAPL,2022-5-5,156.77
AAPL,2022-5-6,157.28
AAPL,2022-5-9,152.06
AAPL,2022-5-10,154.51
AAPL,2022-5-11,146.5
AAPL,2022-5-12,142.56
AAPL,2022-5-13,147.11
AAPL,2022-5-16,145.54
AAPL,2022-5-17,149.24
AAPL,2022-5-18,140.82
AAPL,2022-5-19,137.35
AAPL,2022-5-20,137.59
AAPL,2022-5-23,143.11
AAPL,2022-5-24,140.36
AAPL,2022-5-25,140.52
AAPL,2022-5-26,143.78
AAPL,2022-5-27,149.64
AAPL,2022-5-31,148.84
AAPL,2022-6-1,148.71
AAPL,2022-6-2,151.21
AAPL,2022-6-3,145.38
AAPL,2022-6-6,146.14
AAPL,2022-6-7,148.71
AAPL,2022-6-8,147.96
AAPL,2022-6-9,142.64
AAPL,2022-6-10,137.13
AAPL,2022-6-13,131.88
AAPL,2022-6-14,132.76
AAPL,2022-6-15,135.43
AAPL,2022-6-16,130.06
AAPL,2022-6-17,131.56
AAPL,2022-6-21,135.87
AAPL,2022-6-22,135.35
AAPL,2022-6-23,138.27
AAPL,2022-6-24,141.66
AAPL,2022-6-27,141.66
AAPL,2022-6-28,137.44
AAPL,2022-6-29,139.23
AAPL,2022-6-30,136.72
AAPL,2022-7-1,138.93
AAPL,2022-7-5,141.56
AAPL,2022-7-6,142.92
AAPL,2022-7-7,146.35
AAPL,2022-7-8,147.04
AAPL,2022-7-11,144.87
AAPL,2022-7-12,145.86
AAPL,2022-7-13,145.49
AAPL,2022-7-14,148.47
AAPL,2022-7-15,150.17
AAPL,2022-7-18,147.07
AAPL,2022-7-19,151
AAPL,2022-7-20,153.04
AAPL,2022-7-21,155.35
AAPL,2022-7-22,154.09
AAPL,2022-7-25,152.95
AAPL,2022-7-26,151.6
AAPL,2022-7-27,156.79
AAPL,2022-7-28,157.35
AAPL,2022-7-29,162.51
AAPL,2022-8-1,161.51
AAPL,2022-8-2,160.01
AAPL,2022-8-3,166.13
AAPL,2022-8-4,165.81
AAPL,2022-8-5,165.35
AAPL,2022-8-8,164.87
AAPL,2022-8-9,164.92
AAPL,2022-8-10,169.24
AAPL,2022-8-11,168.49
AAPL,2022-8-12,172.1
AAPL,2022-8-15,173.19
AAPL,2022-8-16,173.03
AAPL,2022-8-17,174.55
AAPL,2022-8-18,174.15
AAPL,2022-8-19,171.52
AAPL,2022-8-22,167.57
AAPL,2022-8-23,167.23
AAPL,2022-8-24,167.53
AAPL,2022-8-25,170.03
AAPL,2022-8-26,163.62
AAPL,2022-8-29,161.38
AAPL,2022-8-30,158.91
AAPL,2022-8-31,157.22
AAPL,2022-9-1,157.96
AAPL,2022-9-2,155.81
AAPL,2022-9-6,154.53
AAPL,2022-9-7,155.96
AAPL,2022-9-8,154.46
AAPL,2022-9-9,157.37
AAPL,2022-9-12,163.43
AAPL,2022-9-13,153.84
AAPL,2022-9-14,155.31
AAPL,2022-9-15,152.37
AAPL,2022-9-16,150.7
AAPL,2022-9-19,154.48
AAPL,2022-9-20,156.9
AAPL,2022-9-21,153.72
AAPL,2022-9-22,152.74
AAPL,2022-9-23,150.43
AAPL,2022-9-26,150.77
AAPL,2022-9-27,151.76
AAPL,2022-9-28,149.84
AAPL,2022-9-29,142.48
AAPL,2022-9-30,138.2
AAPL,2022-10-3,142.45
AAPL,2022-10-4,146.1
AAPL,2022-10-5,146.4
AAPL,2022-10-6,145.43
AAPL,2022-10-7,140.09
AAPL,2022-10-10,140.42
AAPL,2022-10-11,138.98
AAPL,2022-10-12,138.34
AAPL,2022-10-13,142.99
AAPL,2022-10-14,138.38
AAPL,2022-10-17,142.41
AAPL,2022-10-18,143.75
AAPL,2022-10-19,143.86
AAPL,2022-10-20,143.39
AAPL,2022-10-21,147.27
AAPL,2022-10-24,149.45
AAPL,2022-10-25,152.34
AAPL,2022-10-26,149.35
AAPL,2022-10-27,144.8
AAPL,2022-10-28,155.74
AAPL,2022-10-31,153.34
AAPL,2022-11-1,150.65
AAPL,2022-11-2,145.03
AAPL,2022-11-3,138.88
AAPL,2022-11-4,138.38
AAPL,2022-11-7,138.92
AAPL,2022-11-8,139.5
AAPL,2022-11-9,134.87
AAPL,2022-11-10,146.87
AAPL,2022-11-11,149.7
AAPL,2022-11-14,148.28
AAPL,2022-11-15,150.04
AAPL,2022-11-16,148.79
AAPL,2022-11-17,150.72
AAPL,2022-11-18,151.29
AAPL,2022-11-21,148.01
AAPL,2022-11-22,150.18
AAPL,2022-11-23,151.07
AAPL,2022-11-25,148.11
AAPL,2022-11-28,144.22
AAPL,2022-11-29,141.17
AAPL,2022-11-30,148.03
AAPL,2022-12-1,148.31
AAPL,2022-12-2,147.81
AAPL,2022-12-5,146.63
AAPL,2022-12-6,142.91
AAPL,2022-12-7,140.94
AAPL,2022-12-8,142.65
AAPL,2022-12-9,142.16
AAPL,2022-12-12,144.49
AAPL,2022-12-13,145.47
AAPL,2022-12-14,143.21
AAPL,2022-12-15,136.5
AAPL,2022-12-16,134.51
AAPL,2022-12-19,132.37
AAPL,2022-12-20,132.3
AAPL,2022-12-21,135.45
AAPL,2022-12-22,132.23
AAPL,2022-12-23,131.86
AAPL,2022-12-27,130.03
AAPL,2022-12-28,126.04
AAPL,2022-12-29,129.61
AAPL,2022-12-30,129.93
AAPL,2023-1-3,125.07
AAPL,2023-1-4,126.36
AAPL,2023-1-5,125.02
AAPL,2023-1-6,129.62
AAPL,2023-1-9,130.15
AAPL,2023-1-10,130.73
AAPL,2023-1-11,133.49
AAPL,2023-1-12,133.41
AAPL,2023-1-13,134.76
AAPL,2023-1-17,135.94
AAPL,2023-1-18,135.21
AAPL,2023-1-19,135.27
AAPL,2023-1-20,137.87
AAPL,2023-1-23,141.11
AAPL,2023-1-24,142.53
AAPL,2023-1-25,141.86
AAPL,2023-1-26,143.96
AAPL,2023-1-27,145.93
AAPL,2023-1-30,143
AAPL,2023-1-31,144.29
AAPL,2023-2-1,145.43
AAPL,2023-2-2,150.82
AAPL,2023-2-3,154.5
AAPL,2023-2-6,151.73
AAPL,2023-2-7,154.65
AAPL,2023-2-8,151.92
AAPL,2023-2-9,150.87
AAPL,2023-2-10,151.01
AAPL,2023-2-13,153.85
AAPL,2023-2-14,153.2
AAPL,2023-2-15,155.33
AAPL,2023-2-16,153.71
AAPL,2023-2-17,152.55
AAPL,2023-2-21,148.48
AAPL,2023-2-22,148.91
AAPL,2023-2-23,149.4
AAPL,2023-2-24,146.71
AAPL,2023-2-27,147.92
AAPL,2023-2-28,147.41
AAPL,2023-3-1,145.31
AAPL,2023-3-2,145.91
AAPL,2023-3-3,151.03
AAPL,2023-3-6,153.83
AAPL,2023-3-7,151.6
AAPL,2023-3-8,152.87
AAPL,2023-3-9,150.59
AAPL,2023-3-10,148.5
AAPL,2023-3-13,150.47
AAPL,2023-3-14,152.59
AAPL,2023-3-15,152.99
AAPL,2023-3-16,155.85
AAPL,2023-3-17,155
AAPL,2023-3-20,157.4
AAPL,2023-3-21,159.28
AAPL,2023-3-22,157.83
AAPL,2023-3-23,158.93
AAPL,2023-3-24,160.25
AAPL,2023-3-27,158.28
AAPL,2023-3-28,157.65
AAPL,2023-3-29,160.77
AAPL,2023-3-30,162.36
AAPL,2023-3-31,164.9
AAPL,2023-4-3,166.17
AAPL,2023-4-4,165.63
AAPL,2023-4-5,163.76
AAPL,2023-4-6,164.66
AAPL,2023-4-10,162.03
AAPL,2023-4-11,160.8
AAPL,2023-4-12,160.1
AAPL,2023-4-13,165.56
AAPL,2023-4-14,165.21
AAPL,2023-4-17,165.23
AAPL,2023-4-18,166.47
AAPL,2023-4-19,167.63
AAPL,2023-4-20,166.65
AAPL,2023-4-21,165.02
AAPL,2023-4-24,165.33
AAPL,2023-4-25,163.77
AAPL,2023-4-26,163.76
AAPL,2023-4-27,168.41
AAPL,2023-4-28,169.68
AAPL,2023-5-1,169.59
AAPL,2023-5-2,168.54
AAPL,2023-5-3,167.45
AAPL,2023-5-4,165.79
AAPL,2023-5-5,173.57
AAPL,2023-5-8,173.5
AAPL,2023-5-9,171.77
AAPL,2023-5-10,173.56
AAPL,2023-5-11,173.75
AAPL,2023-5-12,172.57
AAPL,2023-5-15,172.07
AAPL,2023-5-16,172.07
AAPL,2023-5-17,172.69
AAPL,2023-5-18,175.05
AAPL,2023-5-19,175.16
AAPL,2023-5-22,174.2
AAPL,2023-5-23,171.56
AAPL,2023-5-24,171.84
AAPL,2023-5-25,172.99
AAPL,2023-5-26,175.43
AAPL,2023-5-30,177.3